time,seconds_elapsed,qz,qy,qx,qw,roll,pitch,yaw
1697301602142727700,0.060727783203125,0.10881499946117401,0.018084000796079636,0.23608200252056122,0.9654510021209717,-0.01853659376502037,-0.4777551293373108,-0.22898447513580322
1697301602161565700,0.079565673828125,0.0996749997138977,0.02357099950313568,0.19968600571155548,0.9744910001754761,0.00667140819132328,-0.40485262870788574,-0.2024896889925003
1697301602180404000,0.098404052734375,0.030811000615358353,0.039563000202178955,0.1720380038022995,0.9838129878044128,0.07159080356359482,-0.3479212820529938,-0.050029028207063675
1697301602199242200,0.1172421875,0.04600699990987778,0.03727699816226959,0.16097700595855713,0.9851800203323364,0.06194451078772545,-0.3263762295246124,-0.08312781900167465
1697301602218080500,0.13608056640625,0.0472010001540184,0.035089001059532166,0.15798300504684448,0.9856879711151123,0.05719645321369171,-0.32019996643066406,-0.08646079152822495
1697301602236918800,0.154918701171875,0.04721999913454056,0.028661999851465225,0.1547670066356659,0.9864050149917603,0.044085707515478134,-0.31312450766563416,-0.08870824426412582
1697301602255757000,0.173757080078125,0.046094998717308044,0.020368000492453575,0.1502390056848526,0.9873639941215515,0.027634458616375923,-0.30318233370780945,-0.08908019214868546
1697301602274595000,0.192594970703125,0.044495999813079834,0.01616000011563301,0.14615599811077118,0.9881280064582825,0.019782625138759613,-0.29451918601989746,-0.08706584572792053
1697301602293433300,0.211433349609375,0.043508999049663544,0.018045000731945038,0.14118200540542603,0.9888619780540466,0.02438604272902012,-0.2846163809299469,-0.08444719016551971
1697301602312271600,0.230271728515625,0.04469799995422363,0.021888000890612602,0.13135699927806854,0.9900839924812317,0.032749369740486145,-0.26516202092170715,-0.0858619213104248
1697301602331109600,0.249109619140625,0.02048400044441223,0.029454000294208527,0.1692039966583252,0.9849269986152649,0.054237786680459976,-0.34108930826187134,-0.032245952636003494
1697301602349948000,0.267947998046875,0.022002000361680984,0.016669999808073044,0.15485599637031555,0.9875509738922119,0.027435176074504852,-0.31160834431648254,-0.04024159908294678
1697301602368786000,0.286785888671875,0.020888999104499817,0.0005649999948218465,0.14267300069332123,0.9895489811897278,-0.005047869402915239,-0.28628191351890564,-0.042940471321344376
1697301602387624200,0.305624267578125,0.01989400014281273,-0.01460300013422966,0.13394400477409363,0.990680992603302,-0.035539139062166214,-0.26800742745399475,-0.04494841769337654
1697301602406462200,0.324462158203125,0.01944199949502945,-0.030108999460935593,0.12771399319171906,0.9911630153656006,-0.06685776263475418,-0.2547464072704315,-0.0477910116314888
1697301602425300500,0.343300537109375,0.02159399911761284,-0.042913999408483505,0.12074200063943863,0.9915199875831604,-0.09311144798994064,-0.2398766726255417,-0.05477991700172424
1697301602444138800,0.362138671875,0.028270000591874123,-0.0497869998216629,0.10977300256490707,0.9923059940338135,-0.1077384427189827,-0.21673467755317688,-0.06869541108608246
1697301602462976800,0.380976806640625,0.03786899894475937,-0.06358800083398819,0.1046840026974678,0.9917470216751099,-0.13733169436454773,-0.204241082072258,-0.09042634814977646
1697301602481814800,0.399814697265625,0.047589998692274094,-0.07963699847459793,0.10399000346660614,0.9902409911155701,-0.17186076939105988,-0.19969508051872253,-0.11330315470695496
1697301602500653000,0.418653076171875,0.0600849986076355,-0.09958799928426743,0.10816700011491776,0.9873049855232239,-0.21571047604084015,-0.20301175117492676,-0.14362125098705292
1697301602519491000,0.437490966796875,0.07518099993467331,-0.11727400124073029,0.11513199657201767,0.9835330247879028,-0.2563885748386383,-0.21038730442523956,-0.17980045080184937
1697301602538329300,0.456329345703125,0.08809000253677368,-0.13450999557971954,0.12001899629831314,0.9796640276908875,-0.29556554555892944,-0.21306706964969635,-0.21119141578674316
1697301602557167400,0.47516748046875,0.09756399691104889,-0.15338000655174255,0.12154199928045273,0.9757980108261108,-0.3365402817726135,-0.20878572762012482,-0.2348984032869339
1697301602576006000,0.494005859375,0.1060430034995079,-0.17297500371932983,0.12018600106239319,0.971796989440918,-0.37783101201057434,-0.19820237159729004,-0.2553962767124176
1697301602594844000,0.512843994140625,0.11665099859237671,-0.19209299981594086,0.11237700283527374,0.9679170250892639,-0.4160521626472473,-0.17359817028045654,-0.27660924196243286
1697301602613682000,0.531681884765625,0.12839999794960022,-0.21773800253868103,0.11290699988603592,0.9609130024909973,-0.47054150700569153,-0.16177724301815033,-0.3045312166213989
1697301602632520200,0.550520263671875,0.14053300023078918,-0.24122099578380585,0.11232800036668777,0.9536479711532593,-0.5201493501663208,-0.14697226881980896,-0.3317960202693939
1697301602651358200,0.569358154296875,0.15282799303531647,-0.2567169964313507,0.10754100233316422,0.948248028755188,-0.5513929724693298,-0.12581567466259003,-0.3552258014678955
1697301602670196500,0.588196533203125,0.16891899704933167,-0.2617030143737793,0.1023159995675087,0.9447259902954102,-0.5609338879585266,-0.1051013320684433,-0.3841651976108551
1697301602689034800,0.60703466796875,0.1843080073595047,-0.27140599489212036,0.09601899981498718,0.9397600293159485,-0.5791109204292297,-0.08051199465990067,-0.411327064037323
1697301602707872800,0.625872802734375,0.1939769983291626,-0.2859640121459961,0.08670400083065033,0.9343870282173157,-0.6050243973731995,-0.05111156031489372,-0.4253355860710144
1697301602726711000,0.6447109375,0.203001007437706,-0.28960099816322327,0.07329300045967102,0.9324960112571716,-0.6064631342887878,-0.019113430753350258,-0.4346838593482971
1697301602745549300,0.66354931640625,0.21389099955558777,-0.28051701188087463,0.05577100068330765,0.9340500235557556,-0.5799239277839661,0.015814978629350662,-0.44550445675849915
1697301602764387600,0.6823876953125,0.23614799976348877,-0.28517499566078186,0.03836299851536751,0.9281359910964966,-0.5806738138198853,0.06351754814386368,-0.47930800914764404
1697301602783225300,0.701225341796875,0.27333998680114746,-0.30590200424194336,0.020215999335050583,0.9117559790611267,-0.6110946536064148,0.1307385116815567,-0.5412455201148987
1697301602802063600,0.720063720703125,0.316213995218277,-0.33153098821640015,0.00009200000204145908,0.8888729810714722,-0.6470234990119934,0.21106962859630585,-0.6125665903091431
1697301602820902000,0.73890185546875,0.3406029939651489,-0.37913399934768677,-0.013642000034451485,0.8602669835090637,-0.7344353795051575,0.2856069803237915,-0.6434757113456726
1697301602839740000,0.757739990234375,0.366100013256073,-0.45259299874305725,-0.009213999845087528,0.8130459785461426,-0.8904114961624146,0.35370030999183655,-0.6760349869728088
1697301602858578400,0.776578369140625,0.39821499586105347,-0.5208340287208557,0.010015999898314476,0.755020022392273,-1.0485363006591797,0.4111713171005249,-0.730682373046875
1697301602877416200,0.795416259765625,0.4283050000667572,-0.5691739916801453,0.030812999233603477,0.7011740207672119,-1.169193983078003,0.46044811606407166,-0.7889482975006104
1697301602896254500,0.81425439453125,0.4596860110759735,-0.599373996257782,0.040553998202085495,0.6540589928627014,-1.2441953420639038,0.5212889313697815,-0.8472861647605896
1697301602915092700,0.8330927734375,0.48519399762153625,-0.6184669733047485,0.0402819998562336,0.6168149709701538,-1.2895077466964722,0.5829148888587952,-0.8892952799797058
1697301602933931000,0.851930908203125,0.5001999735832214,-0.6285970211029053,0.0283610001206398,0.5948609709739685,-1.308836817741394,0.6373984217643738,-0.9024800658226013
1697301602952768800,0.870768798828125,0.5080029964447021,-0.6280679702758789,0.0022319999989122152,0.5894539952278137,-1.2939279079437256,0.6886423826217651,-0.8935250043869019
1697301602971607300,0.889607177734375,0.5155699849128723,-0.6212030053138733,-0.032655999064445496,0.5892590284347534,-1.2577402591705322,0.746444582939148,-0.8826383948326111
1697301602990445300,0.9084453125,0.5253880023956299,-0.6112290024757385,-0.061034999787807465,0.5887609720230103,-1.2126983404159546,0.7953873872756958,-0.8901991248130798
1697301603009283600,0.92728369140625,0.5346059799194336,-0.6032220125198364,-0.07184500247240067,0.5874999761581421,-1.177890419960022,0.8174299597740173,-0.9133135080337524
1697301603028121900,0.946121826171875,0.5434499979019165,-0.5931349992752075,-0.0735279992222786,0.5894449949264526,-1.1387513875961304,0.8203137516975403,-0.946735143661499
1697301603046959900,0.9649599609375,0.5532320141792297,-0.5806949734687805,-0.07319100201129913,0.5927640199661255,-1.0925731658935547,0.8172808885574341,-0.9869579076766968
1697301603065798100,0.983798095703125,0.567126989364624,-0.5692939758300781,-0.06849099695682526,0.5912520289421082,-1.0489486455917358,0.8135274648666382,-1.0406581163406372
1697301603084636200,1.00263623046875,0.5829749703407288,-0.5568209886550903,-0.054896000772714615,0.5891309976577759,-1.0075628757476807,0.7950624227523804,-1.1053965091705322
1697301603103474400,1.021474365234375,0.5985270142555237,-0.5436059832572937,-0.030402999371290207,0.5876489877700806,-0.9765388369560242,0.7566072344779968,-1.1730198860168457
1697301603122312400,1.0403125,0.6119639873504639,-0.5325199961662292,0.0019030000548809767,0.5847370028495789,-0.9651674032211304,0.7069800496101379,-1.2343735694885254
1697301603141150700,1.059150634765625,0.6191620230674744,-0.5283200144767761,0.0403439998626709,0.5795570015907288,-0.9859997034072876,0.6528692245483398,-1.2770135402679443
1697301603159988700,1.07798876953125,0.6189669966697693,-0.5293599963188171,0.07607199996709824,0.5752120018005371,-1.02403724193573,0.603827953338623,-1.2974904775619507
1697301603178827000,1.096826904296875,0.6095899939537048,-0.5374879837036133,0.09698399901390076,0.5745419859886169,-1.0693328380584717,0.5750203132629395,-1.283253788948059
1697301603197665000,1.1156650390625,0.5912179946899414,-0.5548120141029358,0.1275009959936142,0.5713019967079163,-1.149275541305542,0.535587728023529,-1.2533766031265259
1697301603216503000,1.1345029296875,0.567376971244812,-0.5774880051612854,0.18138599395751953,0.5582900047302246,-1.2664251327514648,0.4698749780654907,-1.2390878200531006
1697301603235341300,1.15334130859375,0.5398600101470947,-0.5992890000343323,0.23791900277137756,0.5411059856414795,-1.386810302734375,0.40018153190612793,-1.2345325946807861
1697301603254179600,1.1721796875,0.5166530013084412,-0.621055006980896,0.2892259955406189,0.5135239958763123,-1.5054712295532227,0.35190942883491516,-1.2468122243881226
1697301603273017600,1.191017578125,0.5000240206718445,-0.6374469995498657,0.33910199999809265,0.4781689941883087,-1.6157288551330566,0.3185412287712097,-1.2825485467910767
1697301603291855600,1.209855712890625,0.4850679934024811,-0.6490790247917175,0.3806470036506653,0.4455470144748688,-1.7096000909805298,0.2947521209716797,-1.3176676034927368
1697301603310694000,1.22869384765625,0.4675390124320984,-0.6636880040168762,0.4100640118122101,0.41565799713134766,-1.7990754842758179,0.2834891974925995,-1.3326241970062256
1697301603329532200,1.2475322265625,0.44394201040267944,-0.6831219792366028,0.42637899518013,0.39301198720932007,-1.8843994140625,0.2748359143733978,-1.3163816928863525
1697301603348370200,1.2663701171875,0.41612300276756287,-0.7030400037765503,0.4335800111293793,0.3802410066127777,-1.9573681354522705,0.2582329213619232,-1.2794688940048218
1697301603367208400,1.28520849609375,0.3851099908351898,-0.7212690114974976,0.4403659999370575,0.3708600103855133,-2.0263795852661133,0.23095525801181793,-1.2406904697418213
1697301603386046700,1.304046630859375,0.35381200909614563,-0.7388359904289246,0.4513719975948334,0.3538359999656677,-2.105853796005249,0.20482392609119415,-1.2137950658798218
1697301603404884500,1.322884521484375,0.32976898550987244,-0.7558000087738037,0.4637480080127716,0.32396700978279114,-2.1946394443511963,0.1993178129196167,-1.203066110610962
1697301603423722800,1.34172265625,0.3122999966144562,-0.7718319892883301,0.4718939960002899,0.28992700576782227,-2.279860734939575,0.20999662578105927,-1.1943190097808838
1697301603442561000,1.36056103515625,0.3023670017719269,-0.7849869728088379,0.470537006855011,0.26638901233673096,-2.3362011909484863,0.22593382000923157,-1.1765631437301636
1697301603461399000,1.37939892578125,0.2999570071697235,-0.7952370047569275,0.462336003780365,0.25272101163864136,-2.365675687789917,0.24585919082164764,-1.154131293296814
1697301603480237300,1.3982373046875,0.3045240044593811,-0.8013700246810913,0.4534449875354767,0.24383799731731415,-2.3772056102752686,0.27021491527557373,-1.1390124559402466
1697301603499075600,1.41707568359375,0.31002700328826904,-0.8039939999580383,0.44609999656677246,0.24180400371551514,-2.374919891357422,0.28669339418411255,-1.1294103860855103
1697301603517913600,1.43591357421875,0.3091540038585663,-0.8059260249137878,0.441540002822876,0.24484099447727203,-2.371889352798462,0.2859784662723541,-1.1189048290252686
1697301603536751900,1.454751953125,0.307778000831604,-0.8083249926567078,0.438167005777359,0.2447279989719391,-2.374924659729004,0.2870308756828308,-1.1098891496658325
1697301603555590100,1.473590087890625,0.32065701484680176,-0.8068109750747681,0.4316290020942688,0.24480700492858887,-2.3581697940826416,0.311080664396286,-1.1118381023406982
1697301603574428200,1.49242822265625,0.33176499605178833,-0.8049420118331909,0.4293209910392761,0.24017199873924255,-2.350939989089966,0.3340601325035095,-1.120430588722229
1697301603593266200,1.51126611328125,0.3337559998035431,-0.8036800026893616,0.4334290027618408,0.23418599367141724,-2.3575327396392822,0.3399713337421417,-1.130875587463379
1697301603612104400,1.5301044921875,0.33382299542427063,-0.800233006477356,0.44389399886131287,0.22615399956703186,-2.3685808181762695,0.3400089740753174,-1.1523938179016113
1697301603630942700,1.548942626953125,0.33038800954818726,-0.8008909821510315,0.45039400458335876,0.21577900648117065,-2.390211820602417,0.34143370389938354,-1.1603580713272095
1697301603649781000,1.567781005859375,0.32788899540901184,-0.8053699731826782,0.4486759901046753,0.20629000663757324,-2.4114396572113037,0.3501398265361786,-1.1515675783157349
1697301603668619000,1.586618896484375,0.3286370038986206,-0.8097389936447144,0.44352099299430847,0.1990170031785965,-2.4250662326812744,0.3636457920074463,-1.139661192893982
1697301603687457000,1.60545703125,0.3299869894981384,-0.812487006187439,0.44002699851989746,0.1932539939880371,-2.4346020221710205,0.374864399433136,-1.132447600364685
1697301603706295300,1.62429541015625,0.3346099853515625,-0.8138570189476013,0.43646299839019775,0.18754099309444427,-2.4391708374023438,0.3908126950263977,-1.1293023824691772
1697301603725133600,1.643133544921875,0.343502014875412,-0.8133710026741028,0.43053099513053894,0.187282994389534,-2.428248643875122,0.4088200032711029,-1.1278294324874878
1697301603743971800,1.661971923828125,0.3612479865550995,-0.8091490268707275,0.41213399171829224,0.21194800734519958,-2.362700939178467,0.42234984040260315,-1.1176929473876953
1697301603762810000,1.68081005859375,0.3848010003566742,-0.8029230237007141,0.381740003824234,0.24802400171756744,-2.2690134048461914,0.44290927052497864,-1.0967957973480225
1697301603781648000,1.69964794921875,0.40244099497795105,-0.7975220084190369,0.3541480004787445,0.27672499418258667,-2.1947200298309326,0.46218833327293396,-1.0757317543029785
1697301603800486400,1.718486328125,0.41706201434135437,-0.7903519868850708,0.3328459858894348,0.3010219931602478,-2.129368782043457,0.4767158329486847,-1.064921259880066
1697301603819324400,1.737324462890625,0.43247899413108826,-0.7782099843025208,0.3204439878463745,0.3235200047492981,-2.0609681606292725,0.48451459407806396,-1.0755399465560913
1697301603838162700,1.75616259765625,0.4475489854812622,-0.764460027217865,0.3165299892425537,0.339275985956192,-2.0021791458129883,0.48870691657066345,-1.1018807888031006
1697301603857000700,1.775000732421875,0.46333199739456177,-0.7515860199928284,0.31224098801612854,0.35063600540161133,-1.9493883848190308,0.4978092610836029,-1.1290154457092285
1697301603875839000,1.7938388671875,0.4796159863471985,-0.7429460287094116,0.30387499928474426,0.3544810116291046,-1.9099136590957642,0.5203936696052551,-1.1489332914352417
1697301603894677000,1.812677001953125,0.4980590045452118,-0.7367079854011536,0.2874250113964081,0.35578399896621704,-1.8707717657089233,0.5578055381774902,-1.1602030992507935
1697301603913515000,1.831514892578125,0.5178639888763428,-0.7286779880523682,0.2619889974594116,0.3636009991168976,-1.8144922256469727,0.5994558334350586,-1.1644266843795776
1697301603932353300,1.850353271484375,0.5368930101394653,-0.7213919758796692,0.23501800000667572,0.36892199516296387,-1.761262059211731,0.6450194716453552,-1.1682865619659424
1697301603951191600,1.869191650390625,0.5516340136528015,-0.7175959944725037,0.2161249965429306,0.36612099409103394,-1.7308354377746582,0.6859971284866333,-1.175487756729126
1697301603970029600,1.888029541015625,0.5622339844703674,-0.7151309847831726,0.18897899985313416,0.3698180019855499,-1.6972371339797974,0.7266454696655273,-1.16307532787323
1697301603988867800,1.906867919921875,0.5729389786720276,-0.719340980052948,0.17718100547790527,0.3505620062351227,-1.7080292701721191,0.7754690647125244,-1.1668157577514648
1697301604007705900,1.925705810546875,0.5827170014381409,-0.7185519933700562,0.1658869981765747,0.3414730131626129,-1.6982635259628296,0.8097765445709229,-1.175075888633728
1697301604026544000,1.944544189453125,0.5885350108146667,-0.7075200080871582,0.1225619986653328,0.37150800228118896,-1.6173503398895264,0.8356536030769348,-1.1446986198425293
1697301604045382100,1.963382080078125,0.5918449759483337,-0.6965550184249878,0.07899600267410278,0.3978550136089325,-1.544339895248413,0.8658514022827148,-1.1120284795761108
1697301604064220200,1.98222021484375,0.5907109975814819,-0.6938049793243408,0.03965900093317032,0.4100250005722046,-1.5154402256011963,0.9061809778213501,-1.0647121667861938
1697301604083058400,2.001058349609375,0.5908480286598206,-0.6970930099487305,0.011489000171422958,0.40598800778388977,-1.5227679014205933,0.9517346024513245,-1.0243624448776245
1697301604101896700,2.019896728515625,0.6037350296974182,-0.6903960108757019,-0.0053400001488626,0.3985309898853302,-1.4852275848388672,0.9934039115905762,-1.051356315612793
1697301604120734700,2.038734619140625,0.6292939782142639,-0.6731449961662292,-0.014750000089406967,0.3881329894065857,-1.3877090215682983,1.0326536893844604,-1.1538951396942139
1697301604139573000,2.057572998046875,0.6577519774436951,-0.6634610295295715,-0.02380100078880787,0.3558279871940613,-1.3081892728805542,1.0967397689819336,-1.2738035917282104
1697301604158411000,2.076410888671875,0.6810190081596375,-0.6629679799079895,-0.010545000433921814,0.3107619881629944,-1.2760710716247559,1.1421796083450317,-1.3961795568466187
1697301604177249300,2.095249267578125,0.7032949924468994,-0.6663770079612732,0.050074998289346695,0.2425059974193573,-1.30569589138031,1.150657296180725,-1.5567299127578735
1697301604196087300,2.11408740234375,0.7227129936218262,-0.6511330008506775,0.11265499889850616,0.20253099501132965,-1.282150149345398,1.1096259355545044,-1.728782296180725
1697301604214925600,2.132925537109375,0.7426699995994568,-0.6235970258712769,0.1419830024242401,0.19851399958133698,-1.1930311918258667,1.0549638271331787,-1.8658523559570312
1697301604233763800,2.151763916015625,0.7662929892539978,-0.6027979850769043,0.13088400661945343,0.17971600592136383,-1.0506101846694946,1.0691578388214111,-2.0196733474731445
1697301604252601900,2.170601806640625,0.7852529883384705,-0.5896499752998352,0.11338700354099274,0.15110400319099426,-0.9065915942192078,1.101269245147705,-2.1801440715789795
1697301604271440100,2.189440185546875,0.7983250021934509,-0.5827940106391907,0.09449800103902817,0.11872900277376175,-0.7624788284301758,1.1386734247207642,-2.344022035598755
1697301604290278100,2.208278076171875,0.8045600056648254,-0.5816389918327332,0.0691630020737648,0.09795399755239487,-0.6225214004516602,1.1741902828216553,-2.4775352478027344
1697301604309116400,2.227116455078125,0.8033949732780457,-0.5861330032348633,0.044321998953819275,0.09507100284099579,-0.5339314341545105,1.2036768198013306,-2.5346438884735107
1697301604327954400,2.245954345703125,0.7980570197105408,-0.5939630270004272,0.02589399926364422,0.09818500280380249,-0.4943559467792511,1.23137629032135,-2.5434584617614746
1697301604346792700,2.264792724609375,0.7896760106086731,-0.6052389740943909,0.010459999553859234,0.09993299841880798,-0.4752885401248932,1.265622854232788,-2.538189649581909
1697301604365631000,2.283630859375,0.7758510112762451,-0.6221939921379089,-0.008708000183105469,0.10417500138282776,-0.4753621816635132,1.3142576217651367,-2.5050864219665527
1697301604384469000,2.302468994140625,0.7572829723358154,-0.642067015171051,-0.03203900158405304,0.11507999897003174,-0.5197563171386719,1.369593620300293,-2.4123237133026123
1697301604403307000,2.32130712890625,0.7367349863052368,-0.660506010055542,-0.05623399838805199,0.13337500393390656,-0.6564573049545288,1.417258381843567,-2.215357780456543
1697301604422145300,2.340145263671875,0.7120310068130493,-0.6786490082740784,-0.08340799808502197,0.1596509963274002,-0.9850593209266663,1.453005313873291,-1.8104437589645386
1697301604440983300,2.3589833984375,0.6849960088729858,-0.6942110061645508,-0.10731499642133713,0.19321900606155396,-1.4630969762802124,1.4485244750976562,-1.249373197555542
1697301604459821600,2.377821533203125,0.6582009792327881,-0.7056480050086975,-0.12810499966144562,0.22895599901676178,-1.7544784545898438,1.4130078554153442,-0.8749932050704956
1697301604478659600,2.39665966796875,0.6306589841842651,-0.7147799730300903,-0.14772799611091614,0.2636919915676117,-1.9016029834747314,1.3678361177444458,-0.6464577317237854
1697301604497497900,2.415497802734375,0.6052770018577576,-0.7248479723930359,-0.16055500507354736,0.28714999556541443,-2.0029830932617188,1.3238948583602905,-0.48924240469932556
1697301604516336000,2.434336181640625,0.5832499861717224,-0.7410809993743896,-0.16273200511932373,0.29005900025367737,-2.133312225341797,1.2830106019973755,-0.34938597679138184
1697301604535174100,2.453174072265625,0.5646849870681763,-0.7626090049743652,-0.153438001871109,0.2757059931755066,-2.2755050659179688,1.2402809858322144,-0.24065551161766052
1697301604553905400,2.471905517578125,0.5456529855728149,-0.7834190130233765,-0.14006300270557404,0.2624860107898712,-2.372006893157959,1.1902960538864136,-0.18139031529426575
1697301604563431400,2.481431396484375,0.5330119729042053,-0.7926170229911804,-0.1352510005235672,0.26336899399757385,-2.391047477722168,1.1584688425064087,-0.16634173691272736
1697301604582269700,2.500269775390625,0.501816987991333,-0.8084660172462463,-0.12571200728416443,0.2806369960308075,-2.3730578422546387,1.0800107717514038,-0.16709572076797485
1697301604601107700,2.519107666015625,0.46612900495529175,-0.8244799971580505,-0.10704199969768524,0.30248498916625977,-2.3350260257720947,0.9852046966552734,-0.19203704595565796
1697301604619945700,2.53794580078125,0.4320639967918396,-0.841126024723053,-0.08266100287437439,0.31463301181793213,-2.323256254196167,0.8928403258323669,-0.2133922427892685
1697301604638784000,2.556783935546875,0.40166500210762024,-0.8595079779624939,-0.05884600058197975,0.3105590045452118,-2.353980779647827,0.8139700889587402,-0.21773816645145416
1697301604657622300,2.575622314453125,0.3722650110721588,-0.878607988357544,-0.039928000420331955,0.2964319884777069,-2.4100067615509033,0.7447960376739502,-0.20621229708194733
1697301604676460300,2.594460205078125,0.3417010009288788,-0.8971409797668457,-0.025894999504089355,0.2787590026855469,-2.4732470512390137,0.6783958077430725,-0.18607740104198456
1697301604695298600,2.613298583984375,0.31051498651504517,-0.9158520102500916,-0.013039999641478062,0.25421199202537537,-2.5478899478912354,0.6130948066711426,-0.1645670384168625
1697301604714136800,2.63213671875,0.28098100423812866,-0.933264970779419,0.00027799999224953353,0.22374999523162842,-2.6287572383880615,0.5519340634346008,-0.14882375299930573
1697301604732974800,2.650974853515625,0.2538760006427765,-0.9470080137252808,0.012493999674916267,0.19637900590896606,-2.696955442428589,0.49603036046028137,-0.14074698090553284
1697301604751812900,2.669812744140625,0.228520005941391,-0.9570609927177429,0.021914999932050705,0.17700399458408356,-2.7449769973754883,0.44411298632621765,-0.1364663541316986
1697301604770651100,2.688651123046875,0.20528200268745422,-0.9656469821929932,0.030388999730348587,0.15640099346637726,-2.793499708175659,0.39732614159584045,-0.13368365168571472
1697301604789489200,2.7074892578125,0.186367005109787,-0.9724889993667603,0.03795799985527992,0.13450300693511963,-2.842513084411621,0.35999417304992676,-0.13284200429916382
1697301604808327400,2.726327392578125,0.17208099365234375,-0.9770200252532959,0.044923000037670135,0.11747299879789352,-2.879462242126465,0.3317506015300751,-0.13602422177791595
1697301604827165700,2.745165771484375,0.16409699618816376,-0.9793800115585327,0.05276599898934364,0.1053600013256073,-2.9040560722351074,0.31551676988601685,-0.1456110179424286
1697301604846004000,2.76400390625,0.16218499839305878,-0.9802809953689575,0.06095400080084801,0.09502299875020981,-2.9233832359313965,0.3113979697227478,-0.15858565270900726
1697301604864841700,2.782841796875,0.1648620069026947,-0.980068027973175,0.06763499975204468,0.08781400322914124,-2.935544729232788,0.3165326714515686,-0.17080162465572357
1697301604883680000,2.801679931640625,0.17133499681949615,-0.9782059788703918,0.0723470002412796,0.09232000261545181,-2.922903060913086,0.3276761472225189,-0.18394339084625244
1697301604902518300,2.820518310546875,0.18329699337482452,-0.9750329852104187,0.0784199982881546,0.09778600186109543,-2.9058876037597656,0.34915557503700256,-0.20226991176605225
1697301604921356300,2.839356201171875,0.2042659968137741,-0.9704779982566833,0.0854559987783432,0.09562099725008011,-2.900869846343994,0.3899352550506592,-0.2234165072441101
1697301604940194600,2.858194580078125,0.22733500599861145,-0.964838981628418,0.08528000116348267,0.10064999759197235,-2.881739616394043,0.4351170063018799,-0.23406878113746643
1697301604959032600,2.877032470703125,0.25525999069213867,-0.9566199779510498,0.08455800265073776,0.11211299896240234,-2.845466375350952,0.4886264503002167,-0.2506585419178009
1697301604977870800,2.895870849609375,0.2890639901161194,-0.9438689947128296,0.08150099962949753,0.1375100016593933,-2.7734246253967285,0.5506751537322998,-0.27737411856651306
1697301604996708900,2.914708984375,0.321833997964859,-0.9296460151672363,0.07655899971723557,0.1622299998998642,-2.6989011764526367,0.6108244061470032,-0.30599215626716614
1697301605015547400,2.93354736328125,0.3504140079021454,-0.9156460165977478,0.07058800011873245,0.183896005153656,-2.6292881965637207,0.6633358001708984,-0.3337849974632263
1697301605034385200,2.95238525390625,0.3748350143432617,-0.9025329947471619,0.06346999853849411,0.2022469937801361,-2.5668981075286865,0.7088072299957275,-0.3582567870616913
1697301605053223400,2.971223388671875,0.40087899565696716,-0.8875049948692322,0.05510199815034866,0.22043900191783905,-2.498743772506714,0.7577254772186279,-0.387584388256073
1697301605072061700,2.990061767578125,0.42951700091362,-0.8683279752731323,0.04329200088977814,0.24422599375247955,-2.4079532623291016,0.8107109665870667,-0.4264340400695801
1697301605090899700,3.008899658203125,0.45825400948524475,-0.8459280133247375,0.027994999662041664,0.27133598923683167,-2.2996177673339844,0.8634788393974304,-0.47304296493530273
1697301605109738000,3.027738037109375,0.47815901041030884,-0.8273339867591858,0.011477000080049038,0.29453301429748535,-2.208465814590454,0.9017824530601501,-0.5060959458351135
1697301605128576000,3.046575927734375,0.49799901247024536,-0.8099169731140137,-0.004435999784618616,0.30985701084136963,-2.1308884620666504,0.9431718587875366,-0.5390447974205017
1697301605147414300,3.065414306640625,0.5174990296363831,-0.7915980219841003,-0.023984000086784363,0.3240230083465576,-2.0512144565582275,0.9878515005111694,-0.5707190632820129
1697301605166252300,3.084252197265625,0.535444974899292,-0.7725849747657776,-0.046376001089811325,0.33802300691604614,-1.9676470756530762,1.0327388048171997,-0.6022845506668091
1697301605185090600,3.103090576171875,0.5513830184936523,-0.7548559904098511,-0.06823799759149551,0.34858500957489014,-1.889731764793396,1.0758686065673828,-0.6340813636779785
1697301605203928800,3.1219287109375,0.5642459988594055,-0.741034984588623,-0.08651799708604813,0.35356301069259644,-1.8303860425949097,1.113911509513855,-0.6608304977416992
1697301605222766800,3.140766845703125,0.5756040215492249,-0.7312229871749878,-0.09910699725151062,0.3523760139942169,-1.7891194820404053,1.1472463607788086,-0.6871801018714905
1697301605241604900,3.15960498046875,0.5859689712524414,-0.7249130010604858,-0.10703200101852417,0.34595298767089844,-1.7648204565048218,1.1773912906646729,-0.7113396525382996
1697301605260443100,3.178443115234375,0.5953270196914673,-0.7214130163192749,-0.11138399690389633,0.33577099442481995,-1.7553657293319702,1.2047570943832397,-0.7314788699150085
1697301605279281400,3.197281494140625,0.6053419709205627,-0.7187740206718445,-0.11243700236082077,0.32292601466178894,-1.7474099397659302,1.2310097217559814,-0.7588526606559753
1697301605359343600,3.277343505859375,0.6611109972000122,-0.6994749903678894,-0.06673400104045868,0.26308199763298035,-1.525928020477295,1.2869101762771606,-1.140014886856079
1697301605378181600,3.296181640625,0.6713579893112183,-0.6923760175704956,-0.05477600172162056,0.258637011051178,-1.4476345777511597,1.2799395322799683,-1.2421611547470093
1697301605397020000,3.31502001953125,0.6776509881019592,-0.6856780052185059,-0.04562000185251236,0.26182401180267334,-1.3861007690429688,1.2636148929595947,-1.3118809461593628
1697301605415858000,3.33385791015625,0.67050701379776,-0.6864230036735535,-0.02994599938392639,0.27990299463272095,-1.4098849296569824,1.2147057056427002,-1.2827069759368896
1697301605434696400,3.352696533203125,0.6706860065460205,-0.67746502161026,-0.03128499910235405,0.3004019856452942,-1.354737639427185,1.1877455711364746,-1.3043686151504517
1697301605453534200,3.3715341796875,0.6694669723510742,-0.6678329706192017,-0.03863700106739998,0.3229829967021942,-1.3009499311447144,1.1658979654312134,-1.3124428987503052
1697301605472372500,3.39037255859375,0.6678289771080017,-0.6620979905128479,-0.044422999024391174,0.33712801337242126,-1.2718225717544556,1.1537489891052246,-1.310976266860962
1697301605491210800,3.409210693359375,0.6701030135154724,-0.6592180132865906,-0.04432300105690956,0.33827000856399536,-1.2535401582717896,1.1517421007156372,-1.327567219734192
1697301605510048800,3.428048828125,0.6772590279579163,-0.6549689769744873,-0.04092400148510933,0.33265599608421326,-1.2211403846740723,1.1540098190307617,-1.3736557960510254
1697301605528886800,3.44688671875,0.6863890290260315,-0.6470460295677185,-0.038982000201940536,0.3296689987182617,-1.1665384769439697,1.152920126914978,-1.4355932474136353
1697301605547725000,3.46572509765625,0.6948789954185486,-0.6376190185546875,-0.03882500156760216,0.3302670121192932,-1.1065750122070312,1.1476010084152222,-1.4945751428604126
1697301605566563000,3.48456298828125,0.7023820281028748,-0.6286749839782715,-0.039448998868465424,0.3314659893512726,-1.051783561706543,1.1415797472000122,-1.546268105506897
1697301605585401300,3.5034013671875,0.7089660167694092,-0.62043297290802,-0.0411669984459877,0.33276599645614624,-1.0018293857574463,1.1364128589630127,-1.591363549232483
1697301605604239600,3.522239501953125,0.7133129835128784,-0.6146339774131775,-0.04269799962639809,0.3340420126914978,-0.9677789807319641,1.1322705745697021,-1.6209282875061035
1697301605623077600,3.54107763671875,0.715080976486206,-0.6125519871711731,-0.04423600062727928,0.3338859975337982,-0.953116774559021,1.1327643394470215,-1.6335396766662598
1697301605641915600,3.55991552734375,0.7131699919700623,-0.616457998752594,-0.04458099976181984,0.3307250142097473,-0.9697563648223877,1.1403193473815918,-1.6216156482696533
1697301605660754000,3.57875390625,0.7060800194740295,-0.626334011554718,-0.04430599883198738,0.3274019956588745,-1.0241590738296509,1.1517947912216187,-1.5733132362365723
1697301605679592200,3.59759228515625,0.6928589940071106,-0.6386730074882507,-0.04934899881482124,0.3310680091381073,-1.1024869680404663,1.1622427701950073,-1.4825263023376465
1697301605698430200,3.61643017578125,0.6728360056877136,-0.6532800197601318,-0.06004900112748146,0.34191998839378357,-1.2072093486785889,1.168500542640686,-1.3457456827163696
1697301605717268200,3.635268310546875,0.6485670208930969,-0.6658570170402527,-0.07814999669790268,0.36039701104164124,-1.3099454641342163,1.1681718826293945,-1.1875817775726318
1697301605736106500,3.6541064453125,0.622177004814148,-0.6737650036811829,-0.10360600054264069,0.38496899604797363,-1.3916034698486328,1.1634424924850464,-1.0289312601089478
1697301605754944800,3.67294482421875,0.5945630073547363,-0.6792479753494263,-0.13072000443935394,0.40991199016571045,-1.4639140367507935,1.1552077531814575,-0.8749121427536011
1697301605773782800,3.69178271484375,0.5657410025596619,-0.6868429780006409,-0.15527699887752533,0.4290350079536438,-1.5508031845092773,1.1442233324050903,-0.7178254723548889
1697301605792620800,3.710620849609375,0.5373309850692749,-0.7021440267562866,-0.173908993601799,0.4336160123348236,-1.680538535118103,1.1322901248931885,-0.5495786666870117
1697301605811459000,3.729458984375,0.5130000114440918,-0.7200390100479126,-0.18633000552654266,0.42854899168014526,-1.8154605627059937,1.1162564754486084,-0.40096139907836914
1697301605830297300,3.74829736328125,0.4926620125770569,-0.7335360050201416,-0.1970590054988861,0.42470601201057434,-1.915129542350769,1.0976849794387817,-0.2878877520561218
1697301605849135400,3.76713525390625,0.4743959903717041,-0.7414979934692383,-0.20941899716854095,0.4257589876651764,-1.9794049263000488,1.079774260520935,-0.19937603175640106
1697301605867973600,3.7859736328125,0.4521949887275696,-0.7479270100593567,-0.22521300613880157,0.43058300018310547,-2.0344929695129395,1.05594003200531,-0.10688161104917526
1697301605886811600,3.804811767578125,0.4207470118999481,-0.7565659880638123,-0.24380600452423096,0.4371910095214844,-2.0946967601776123,1.0156538486480713,0.001929629361256957
1697301605905650000,3.82364990234375,0.385466992855072,-0.7674390077590942,-0.26142698526382446,0.4405750036239624,-2.156104803085327,0.9649162292480469,0.10838769376277924
1697301605924488000,3.842488037109375,0.35192298889160156,-0.7788810133934021,-0.27574801445007324,0.4398370087146759,-2.210477590560913,0.9120833277702332,0.19727858901023865
1697301605943326200,3.861326171875,0.3217169940471649,-0.7894740104675293,-0.28559398651123047,0.4377939999103546,-2.2499334812164307,0.860298216342926,0.2625010013580322
1697301605962164200,3.880164306640625,0.29419800639152527,-0.8021320104598999,-0.28992000222206116,0.43125098943710327,-2.28836727142334,0.8067288398742676,0.3104597330093384
1697301605981002500,3.89900244140625,0.2699410021305084,-0.8194820284843445,-0.2913089990615845,0.41318199038505554,-2.349324941635132,0.7520686388015747,0.35578611493110657
1697301605999840500,3.917840576171875,0.24891600012779236,-0.8384150266647339,-0.29249900579452515,0.38670799136161804,-2.42476749420166,0.6992099285125732,0.39987826347351074
1697301606018678500,3.936678466796875,0.22701400518417358,-0.8537899851799011,-0.29607799649238586,0.3631030023097992,-2.487394094467163,0.6468279361724854,0.4411342144012451
1697301606037517000,3.95551708984375,0.20506900548934937,-0.8665739893913269,-0.30004099011421204,0.3420090079307556,-2.5384562015533447,0.5951685905456543,0.47641798853874207
1697301606056354800,3.974354736328125,0.18715600669384003,-0.8805009722709656,-0.30213600397109985,0.31369099020957947,-2.6017394065856934,0.5458406805992126,0.5065223574638367
1697301606075193000,3.993193115234375,0.17458400130271912,-0.893451988697052,-0.30380499362945557,0.28100600838661194,-2.672330141067505,0.5037429332733154,0.532669186592102
1697301606094031400,4.01203125,0.16578200459480286,-0.9022480249404907,-0.3066689968109131,0.253807008266449,-2.729976177215576,0.4721728265285492,0.5549254417419434
1697301606112869600,4.03086962890625,0.15954099595546722,-0.9080119729042053,-0.30935901403427124,0.23314400017261505,-2.77290415763855,0.4489065408706665,0.5716424584388733
1697301606131707400,4.049707275390625,0.1559939980506897,-0.9116420149803162,-0.31150099635124207,0.21803699433803558,-2.8042187690734863,0.4337305426597595,0.5834965109825134
1697301606150545700,4.068545654296875,0.15517599880695343,-0.9141370058059692,-0.31264999508857727,0.2062080055475235,-2.829171657562256,0.4253571331501007,0.5910951495170593
1697301606169384000,4.087384033203125,0.15501700341701508,-0.9139699935913086,-0.31503400206565857,0.2034209966659546,-2.8360342979431152,0.4241330921649933,0.5975868701934814
1697301606188222200,4.10622216796875,0.15452900528907776,-0.9117890000343323,-0.31858399510383606,0.20800000429153442,-2.8278963565826416,0.4272027909755707,0.6037082076072693
1697301606207060200,4.125060302734375,0.15352000296115875,-0.9085620045661926,-0.3215329945087433,0.21808600425720215,-2.807664632797241,0.43257343769073486,0.6062474846839905
1697301606225898500,4.1438984375,0.15457600355148315,-0.9039319753646851,-0.32354000210762024,0.23309500515460968,-2.777580976486206,0.4448067843914032,0.604241669178009
1697301606244736500,4.162736572265625,0.1634570062160492,-0.8984959721565247,-0.3249650001525879,0.245728999376297,-2.755857229232788,0.47061842679977417,0.6005009412765503
1697301606263574500,4.181574462890625,0.17579400539398193,-0.8919379711151123,-0.32750800251960754,0.25745099782943726,-2.737914800643921,0.5031976103782654,0.5987070798873901
1697301606282412800,4.200412841796875,0.19117200374603271,-0.8840420246124268,-0.32697299122810364,0.2738809883594513,-2.70847749710083,0.5434728264808655,0.586067795753479
1697301606301250800,4.219250732421875,0.20854200422763824,-0.8735510110855103,-0.3260650038719177,0.2951259911060333,-2.666951894760132,0.590533971786499,0.5676208138465881
1697301606320089000,4.238089111328125,0.22298799455165863,-0.85971599817276,-0.32949298620224,0.32030999660491943,-2.615471363067627,0.636634349822998,0.5549628734588623
1697301606338927400,4.25692724609375,0.24088799953460693,-0.8437539935112,-0.33345600962638855,0.34475699067115784,-2.564042091369629,0.6898519396781921,0.5400615334510803
1697301606357765400,4.275765380859375,0.2539229989051819,-0.8247069716453552,-0.3394010066986084,0.3744159936904907,-2.4957103729248047,0.7382282614707947,0.5233432054519653
1697301606376603400,4.294603271484375,0.26423099637031555,-0.8010619878768921,-0.3449690043926239,0.4116770029067993,-2.4003782272338867,0.7857597470283508,0.49395671486854553
1697301606395441700,4.313441650390625,0.27291199564933777,-0.7719190120697021,-0.3510040044784546,0.45437300205230713,-2.28063702583313,0.8335245847702026,0.45243212580680847
1697301606414280000,4.332280029296875,0.2792699933052063,-0.7393410205841064,-0.35839200019836426,0.4969269931316376,-2.150630474090576,0.8774957060813904,0.4059969484806061
1697301606433118000,4.351117919921875,0.28173500299453735,-0.7090759873390198,-0.3678840100765228,0.5315030217170715,-2.0388622283935547,0.9117980003356934,0.37140846252441406
1697301606451956000,4.3699560546875,0.2876259982585907,-0.6863080263137817,-0.37665098905563354,0.5517100095748901,-1.9663946628570557,0.9448418617248535,0.3476964831352234
1697301606470794200,4.388794189453125,0.2984530031681061,-0.6614120006561279,-0.3857020139694214,0.5698180198669434,-1.8890187740325928,0.9869720339775085,0.3136870861053467
1697301606489632300,4.40763232421875,0.30867600440979004,-0.6329420208930969,-0.39626601338386536,0.5891299843788147,-1.7969098091125488,1.0306869745254517,0.2715453505516052
1697301606508470500,4.426470458984375,0.31800198554992676,-0.6043729782104492,-0.4061239957809448,0.6071810126304626,-1.697123646736145,1.0707600116729736,0.22021380066871643
1697301606527308500,4.44530859375,0.3268829882144928,-0.5781530141830444,-0.41485899686813354,0.6219140291213989,-1.5992274284362793,1.1061722040176392,0.16391128301620483
1697301606546146800,4.464146728515625,0.33677399158477783,-0.5556359887123108,-0.4220060110092163,0.6322669982910156,-1.5078765153884888,1.1382192373275757,0.10299749672412872
1697301606564984800,4.48298486328125,0.3488749861717224,-0.5374889969825745,-0.42722100019454956,0.6378660202026367,-1.424340009689331,1.168214201927185,0.03620591387152672
1697301606583823000,4.501822998046875,0.36164700984954834,-0.5235819816589355,-0.4312869906425476,0.6395800113677979,-1.351604700088501,1.1954721212387085,-0.029947420582175255
1697301606602661000,4.5206611328125,0.37352800369262695,-0.5144950151443481,-0.43442898988723755,0.6379979848861694,-1.2972668409347534,1.2187998294830322,-0.08595197647809982
1697301606621499400,4.53949951171875,0.383976012468338,-0.5088220238685608,-0.43636199831962585,0.635017991065979,-1.2557982206344604,1.2374308109283447,-0.1336481273174286
1697301606640337200,4.558337158203125,0.39473599195480347,-0.5042920112609863,-0.4366210103034973,0.6318489909172058,-1.2108616828918457,1.252856731414795,-0.18811003863811493
1697301606659175400,4.577175537109375,0.40805700421333313,-0.5017729997634888,-0.43276798725128174,0.6280320286750793,-1.156409740447998,1.263279914855957,-0.2614615559577942
1697301606678013700,4.596013671875,0.42389601469039917,-0.5032209753990173,-0.42260798811912537,0.6232830286026001,-1.1017065048217773,1.2644292116165161,-0.348829448223114
1697301606696851700,4.614851806640625,0.4399290084838867,-0.5076209902763367,-0.40752801299095154,0.6186299920082092,-1.0558897256851196,1.2559775114059448,-0.4352883994579315
1697301609979393500,7.8973935546875,-0.9927210211753845,-0.0313510000705719,-0.08237499743700027,0.08206500113010406,-0.16971051692962646,-0.04874468594789505,2.972486972808838
1697301609998231800,7.916231689453125,-0.9928240180015564,-0.02100599929690361,-0.08456400036811829,0.08190000057220459,-0.17227251827716827,-0.027862543240189552,2.9745752811431885
1697301610017069800,7.93506982421875,-0.9936630129814148,-0.010575000196695328,-0.07640299946069717,0.08175600320100784,-0.1541825383901596,-0.008523269556462765,2.9767491817474365
1697301610035908000,7.953908203125,-0.99406898021698,-0.005344000179320574,-0.06896000355482101,0.083917997777462,-0.1384407877922058,0.0009493614779785275,2.9732203483581543
1697301610054746000,7.97274609375,-0.9941110014915466,-0.006337999831885099,-0.06678300350904465,0.0851060003042221,-0.1342613399028778,-0.0012340819230303168,2.97070574760437
1697301610073584400,7.99158447265625,-0.9949520230293274,-0.014585000462830067,-0.055755000561475754,0.08215200155973434,-0.11361008137464523,-0.01986328698694706,2.9756991863250732
1697301610092422700,8.010422607421875,-0.9958840012550354,-0.033156998455524445,-0.04058999940752983,0.07394500076770782,-0.0860104188323021,-0.06007431820034981,2.9907774925231934
1697301610111260400,8.029260498046876,-0.996088981628418,-0.06009500101208687,-0.020976999774575233,0.06127899885177612,-0.04951608180999756,-0.11741866916418076,3.0157973766326904
1697301610130099000,8.048098876953125,-0.9950010180473328,-0.08775199949741364,-0.00507699977606535,0.047387998551130295,-0.01870694011449814,-0.1750379353761673,3.0447707176208496
1697301610148936700,8.066936767578126,-0.9938589930534363,-0.09849099814891815,-0.033045001327991486,0.03808499872684479,-0.0746617317199707,-0.19447889924049377,3.0577030181884766
1697301610167775000,8.08577490234375,-0.9926369786262512,-0.10317499935626984,-0.05189799889922142,0.03650800138711929,-0.11311069875955582,-0.20242077112197876,3.0565688610076904
1697301610186613200,8.10461328125,-0.9922509789466858,-0.10020499676465988,-0.06366900354623795,0.036646001040935516,-0.13671542704105377,-0.19543224573135376,3.0543391704559326
1697301610205451300,8.123451171875,-0.9925040006637573,-0.09190800040960312,-0.07280199974775314,0.03446900099515915,-0.15388689935207367,-0.17836351692676544,3.0583744049072266
1697301610224289300,8.142289306640626,-0.9929969906806946,-0.08322499692440033,-0.07795400172472,0.030849000439047813,-0.16276897490024567,-0.16117160022258759,3.066305160522461
1697301610243127300,8.161127197265625,-0.9931920170783997,-0.0776899978518486,-0.08193100243806839,0.028630999848246574,-0.16991527378559113,-0.1501947045326233,3.071139097213745
1697301610261965300,8.17996533203125,-0.9931989908218384,-0.07529599964618683,-0.08483999967575073,0.02621700055897236,-0.17521454393863678,-0.14563357830047607,3.075998067855835
1697301610280803600,8.198803466796875,-0.993507981300354,-0.07337799668312073,-0.08399400115013123,0.022384999319911003,-0.1727842390537262,-0.14252488315105438,3.0841729640960693
1697301610299641600,8.2176416015625,-0.9941329956054688,-0.07123800367116928,-0.079865001142025,0.01563500054180622,-0.1633274108171463,-0.1395956575870514,3.098696708679199
1697301610318480000,8.23647998046875,-0.9946849942207336,-0.07068400084972382,-0.07452999800443649,0.007000999990850687,-0.15130959451198578,-0.14003023505210876,3.116884469985962
1697301610337318000,8.25531787109375,0.994953989982605,0.07154399901628494,0.07032199949026108,0.0011020000092685223,-0.14169184863567352,-0.14300791919231415,3.1336419582366943
1697301610356156000,8.274156005859375,0.9949589967727661,0.07360699772834778,0.06756000220775604,0.008562999777495861,-0.13506396114826202,-0.14817048609256744,-3.134420156478882
1697301610374994000,8.292993896484376,0.9949390292167664,0.07560600340366364,0.06463699787855148,0.01421900000423193,-0.12831392884254456,-0.15287970006465912,-3.1228528022766113
1697301610393832200,8.311832275390625,0.9949359893798828,0.07721000164747238,0.06193900108337402,0.01742199994623661,-0.12235578894615173,-0.15643347799777985,-3.1161766052246094
1697301610412670200,8.330670166015626,0.9944900274276733,0.0826219990849495,0.061889998614788055,0.018224000930786133,-0.12209149450063705,-0.16736958920955658,-3.1152005195617676
1697301610431508500,8.349508544921875,0.9936079978942871,0.09309399873018265,0.06129400059580803,0.01787699945271015,-0.12090214341878891,-0.18830017745494843,-3.1170430183410645
1697301610450346500,8.368346435546876,0.9922450184822083,0.10603900253772736,0.06279200315475464,0.016171999275684357,-0.12433179467916489,-0.21409614384174347,-3.1223764419555664
1697301610469184500,8.3871845703125,0.9908509850502014,0.11635400354862213,0.06719399988651276,0.012628000229597092,-0.13428471982479095,-0.23441703617572784,-3.1319401264190674
1697301610488022500,8.4060224609375,0.989670991897583,0.1256520003080368,0.06831300258636475,0.009738000109791756,-0.13755659759044647,-0.25272026658058167,-3.139415979385376
1697301610506860800,8.42486083984375,0.9886090159416199,0.13317899405956268,0.06956300139427185,0.008698999881744385,-0.1406829059123993,-0.2677208185195923,3.140214681625366
1697301610525698800,8.44369873046875,0.987617015838623,0.13902199268341064,0.07212100178003311,0.009092000313103199,-0.1460980325937271,-0.2795388698577881,3.139414072036743
1697301610544536800,8.462536865234375,0.9868749976158142,0.1424659937620163,0.07534000277519226,0.010245000012218952,-0.1525757908821106,-0.2866452634334564,3.140294075012207
1697301610563374800,8.481374755859376,0.9865829944610596,0.14369499683380127,0.07666599750518799,0.011251999996602535,-0.15507958829402924,-0.28927701711654663,-3.141416311264038
1697301610582213000,8.500213134765625,0.9860489964485168,0.14595000445842743,0.07910799980163574,0.012098000384867191,-0.15999267995357513,-0.29395702481269836,-3.140791416168213
1697301610601051100,8.519051025390626,0.98546302318573,0.14901399612426758,0.08055300265550613,0.012912999838590622,-0.1628909707069397,-0.30026766657829285,-3.1400814056396484
1697301610619889400,8.537889404296875,0.985031008720398,0.15139999985694885,0.0813319981098175,0.013268000446259975,-0.164518341422081,-0.30513885617256165,-3.140007972717285
1697301610638727400,8.5567275390625,0.984574019908905,0.15498700737953186,0.079926997423172,0.014287999831140041,-0.16144688427448273,-0.3125397562980652,-3.138061761856079
1697301610657565400,8.5755654296875,0.9847469925880432,0.15690599381923676,0.0734580010175705,0.015987999737262726,-0.14749808609485626,-0.31663888692855835,-3.1327149868011475
1697301610676403500,8.594403564453126,0.9858499765396118,0.15196500718593597,0.06898800283670425,0.015654999762773514,-0.1381240338087082,-0.30656901001930237,-3.131208896636963
1697301610695241700,8.61324169921875,0.9870870113372803,0.14503799378871918,0.06650499999523163,0.014134000055491924,-0.1332225501537323,-0.2923572063446045,-3.132599353790283
1697301610714079700,8.632079833984376,0.9880629777908325,0.13879700005054474,0.06576299667358398,0.011890999972820282,-0.13215167820453644,-0.27946797013282776,-3.1361382007598877
1697301610732918000,8.65091796875,0.9886490106582642,0.13588100671768188,0.06326200067996979,0.01030499953776598,-0.1273474544286728,-0.2733733654022217,-3.1382861137390137
1697301610751755800,8.669755859375,0.98887699842453,0.13576999306678772,0.05967000126838684,0.011258999817073345,-0.1196700781583786,-0.2732510268688202,-3.135294198989868
1697301610770594000,8.688593994140625,0.9895139932632446,0.13272400200366974,0.05500100180506706,0.014806999824941158,-0.10900194942951202,-0.2674711048603058,-3.1263463497161865
1697301610789432000,8.70743212890625,0.9897040128707886,0.13158699870109558,0.05287700146436691,0.019334999844431877,-0.10337986797094345,-0.2656216323375702,-3.1163487434387207
1697301610808270300,8.726270263671875,0.9890739917755127,0.1321599930524826,0.06127399951219559,0.022585999220609665,-0.11977080255746841,-0.2673742473125458,-3.1120564937591553
1697301610827108600,8.745108642578124,0.9873669743537903,0.13734200596809387,0.07474099844694138,0.02563600055873394,-0.14671598374843597,-0.2786375880241394,-3.110286235809326
1697301610845946600,8.763946533203125,0.9849209785461426,0.14687199890613556,0.08673500269651413,0.02891100011765957,-0.17071515321731567,-0.2987542152404785,-3.1086556911468506
1697301610864784600,8.78278466796875,0.9832590222358704,0.15308399498462677,0.09346699714660645,0.032106999307870865,-0.18383851647377014,-0.3120857775211334,-3.1053099632263184
1697301610883622700,8.80162255859375,0.9826560020446777,0.15592099726200104,0.0942550003528595,0.03451000154018402,-0.18475505709648132,-0.3182857632637024,-3.101119041442871
1697301610902461000,8.8204609375,0.9831119775772095,0.15550300478935242,0.08967000246047974,0.03561199828982353,-0.1748148500919342,-0.31744515895843506,-3.09722900390625
1697301610921299000,8.839298828125,0.9836770296096802,0.15626199543476105,0.08167699724435806,0.03590099886059761,-0.1580481380224228,-0.31865254044532776,-3.0940797328948975
1697301610940137200,8.85813720703125,0.9840890169143677,0.15771199762821198,0.07361099869012833,0.035718001425266266,-0.14128239452838898,-0.3211560845375061,-3.091954469680786
1697301610958975200,8.876975341796875,0.9842749834060669,0.15914799273014069,0.06770200282335281,0.035920001566410065,-0.12887607514858246,-0.32378217577934265,-3.0897138118743896
1697301610977813200,8.895813232421874,0.9842029809951782,0.16159899532794952,0.062417998909950256,0.0364999994635582,-0.11761386692523956,-0.3285267651081085,-3.0869719982147217
1697301610996651300,8.9146513671875,0.9839019775390625,0.16465400159358978,0.05869999900460243,0.03712400048971176,-0.10956722497940063,-0.3345722258090973,-3.0846855640411377
1697301611015489500,8.933489501953124,0.9833019971847534,0.16798900067806244,0.05925599858164787,0.03720499947667122,-0.1106291338801384,-0.3413686156272888,-3.0850422382354736
1697301611034327600,8.95232763671875,0.982358992099762,0.17138299345970154,0.06492500007152557,0.037188999354839325,-0.12246415764093399,-0.34856370091438293,-3.08750319480896
1697301611053165800,8.971165771484374,0.9810720086097717,0.17559599876403809,0.07250099629163742,0.03749899938702583,-0.13824313879013062,-0.3575519621372223,-3.0902047157287598
1697301611072003600,8.990003662109375,0.9795060157775879,0.17989200353622437,0.08248399943113327,0.03743800148367882,-0.15934310853481293,-0.3667534291744232,-3.094799518585205
1697301611090841900,9.008841796875,0.9770240187644958,0.1869809925556183,0.0943560004234314,0.03947899863123894,-0.18382461369037628,-0.38204631209373474,-3.0964667797088623
1697301611109679900,9.027679931640625,0.9747359752655029,0.19380299746990204,0.1023939996957779,0.04294399917125702,-0.1997203826904297,-0.39695069193840027,-3.093832492828369
1697301611128518100,9.04651806640625,0.9736260175704956,0.19646400213241577,0.10649800300598145,0.04594599828124046,-0.20731110870838165,-0.4031864106655121,-3.0897955894470215
1697301611147356200,9.065356201171875,0.9738330245018005,0.19615499675273895,0.1035899966955185,0.04940899834036827,-0.19958961009979248,-0.4031100571155548,-3.081118583679199
1697301611166194400,9.0841943359375,0.9750120043754578,0.19339199364185333,0.09657300263643265,0.05121900141239166,-0.1837826520204544,-0.39738860726356506,-3.073730945587158
1697301611185032200,9.1030322265625,0.9763069748878479,0.1893959939479828,0.09188800305128098,0.05009099841117859,-0.17426511645317078,-0.38874006271362305,-3.073457956314087
1697301611203870500,9.121870361328124,0.9775000214576721,0.1858370006084442,0.08744499832391739,0.04805999994277954,-0.1656654179096222,-0.3808573782444,-3.0753440856933594
1697301611222708500,9.14070849609375,0.9780110120773315,0.18430200219154358,0.08556000143289566,0.04695500060915947,-0.16211968660354614,-0.3774312436580658,-3.0766732692718506
1697301611241546500,9.15954638671875,0.9781709909439087,0.18510399758815765,0.08102499693632126,0.048496000468730927,-0.15187853574752808,-0.3789933919906616,-3.0717012882232666
1697301611260384800,9.178384765625,0.9778460264205933,0.1893959939479828,0.07277999818325043,0.05145300179719925,-0.13307614624500275,-0.38751599192619324,-3.062601327896118
1697301611279222500,9.197222412109374,0.9763630032539368,0.1951330006122589,0.07577099651098251,0.05381400138139725,-0.1382651925086975,-0.3997590243816376,-3.059523820877075
1697301611298060800,9.216060791015625,0.9737520217895508,0.2011300027370453,0.08998999744653702,0.05704599991440773,-0.16711543500423431,-0.4136658012866974,-3.0597035884857178
1697301611316898800,9.23489892578125,0.970736026763916,0.20505599677562714,0.10885400325059891,0.06143299862742424,-0.20568154752254486,-0.4240827262401581,-3.059619426727295
1697301611335737000,9.253737060546875,0.9686319828033447,0.2122189998626709,0.11275999993085861,0.06324400007724762,-0.21332739293575287,-0.43938949704170227,-3.0590016841888428
1697301611354575000,9.2725751953125,0.9690960049629211,0.21556900441646576,0.10328499972820282,0.06094999983906746,-0.19387947022914886,-0.4449409544467926,-3.059960126876831
1697301611373413000,9.2914130859375,0.9700270295143127,0.21896600723266602,0.08955900371074677,0.05549100041389465,-0.16672265529632568,-0.4497554302215576,-3.0655272006988525
1697301611392251100,9.310251220703124,0.9716150164604187,0.21770399808883667,0.07746300101280212,0.050675999373197556,-0.14284315705299377,-0.4454898536205292,-3.0697808265686035
1697301611411089400,9.32908935546875,0.9726139903068542,0.21736599504947662,0.06715100258588791,0.04757700115442276,-0.1220259964466095,-0.44362467527389526,-3.0713894367218018
1697301611429927700,9.347927734375,0.9736210107803345,0.21545100212097168,0.05778999999165535,0.047981999814510345,-0.10165546834468842,-0.43905138969421387,-3.0658082962036133
1697301611448765700,9.366765625,0.9758840203285217,0.2081100046634674,0.04468400031328201,0.04840900003910065,-0.07361311465501785,-0.4230118691921234,-3.0582761764526367
1697301611467603700,9.385603759765624,0.9784179925918579,0.19835199415683746,0.032857999205589294,0.04768599942326546,-0.04933197796344757,-0.4020178020000458,-3.0542478561401367
1697301611486441700,9.404441650390625,0.9800000190734863,0.19154199957847595,0.025699999183416367,0.04742899909615517,-0.03478832170367241,-0.38748404383659363,-3.0517003536224365
1697301611505280300,9.4232802734375,0.9807299971580505,0.18708300590515137,0.028176000341773033,0.04871299862861633,-0.03987422585487366,-0.3786871135234833,-3.049976348876953
1697301611524118300,9.4421181640625,0.9809600114822388,0.18356099724769592,0.03724899888038635,0.05132199823856354,-0.0582648366689682,-0.3725110590457916,-3.0480339527130127
1697301611542956300,9.460956298828124,0.980758011341095,0.18067499995231628,0.04955099895596504,0.054896000772714615,-0.0830075815320015,-0.3680934011936188,-3.0452239513397217
1697301611561794300,9.479794189453125,0.981124997138977,0.17513799667358398,0.055723998695611954,0.060113999992609024,-0.09440308064222336,-0.3579598367214203,-3.0362958908081055
1697301611580632600,9.498632568359374,0.9818419814109802,0.1666650027036667,0.06444499641656876,0.0636729970574379,-0.11203932017087936,-0.3421191871166229,-3.031446933746338
1697301611599470300,9.51747021484375,0.9837170243263245,0.15616099536418915,0.060812998563051224,0.06492699682712555,-0.10489454865455627,-0.3205970823764801,-3.0267555713653564
1697301611618308600,9.53630859375,0.9848949909210205,0.15140299499034882,0.05622699856758118,0.062415000051259995,-0.09660979360342026,-0.3102019131183624,-3.030134439468384
1697301611637146600,9.555146728515625,0.985912024974823,0.1512109935283661,0.04187199845910072,0.05795099958777428,-0.06830022484064102,-0.3078542947769165,-3.0347707271575928
1697301611655985000,9.57398486328125,0.9855729937553406,0.15749600529670715,0.027045000344514847,0.05575700104236603,-0.037652771919965744,-0.3188382089138031,-3.034621238708496
1697301611674822700,9.59282275390625,0.9840090274810791,0.1687150001525879,0.0149940000846982,0.05509499832987785,-0.011581824161112309,-0.3402113616466522,-3.0317180156707764
1697301611693661000,9.611660888671874,0.9822139739990234,0.1796180009841919,0.0062950002029538155,0.054329998791217804,0.0076449778862297535,-0.36134281754493713,-3.0296809673309326
1697301611712499000,9.6304990234375,0.9814879894256592,0.18311099708080292,0.011203999631106853,0.055006999522447586,-0.00198180228471756,-0.3689916133880615,-3.0299906730651855
1697301611731337200,9.649337158203124,0.9816480278968811,0.18135200440883636,0.022002000361680984,0.054712001234292984,-0.02501707710325718,-0.36661261320114136,-3.0348761081695557
1697301611750175200,9.66817529296875,0.9818230271339417,0.17914199829101562,0.03102399967610836,0.05448399856686592,-0.044301003217697144,-0.363076776266098,-3.0388541221618652
1697301611769013200,9.68701318359375,0.9818050265312195,0.1779250055551529,0.038116998970508575,0.05428599938750267,-0.059397242963314056,-0.3613247871398926,-3.041973114013672
1697301611787851500,9.7058515625,0.9815400242805481,0.17871299386024475,0.04168200120329857,0.053872000426054,-0.06698797643184662,-0.36325517296791077,-3.044239044189453
1697301611806689500,9.724689453125,0.9809460043907166,0.1817370057106018,0.04297599941492081,0.05354699864983559,-0.06960130482912064,-0.3695017099380493,-3.045538902282715
1697301611825527600,9.743527587890625,0.980230987071991,0.18556800484657288,0.04360499978065491,0.05300600081682205,-0.07085245847702026,-0.37731069326400757,-3.0470807552337646
1697301611844365800,9.76236572265625,0.9794470071792603,0.18972399830818176,0.04419099912047386,0.052282001823186874,-0.07208234071731567,-0.3857671320438385,-3.0490198135375977
1697301611863203800,9.781203857421875,0.9790130257606506,0.19171500205993652,0.04574599862098694,0.05181499943137169,-0.0754329040646553,-0.38992995023727417,-3.0507426261901855
1697301611882041900,9.800041748046874,0.9790509939193726,0.1914830058813095,0.04575100168585777,0.05194900184869766,-0.07540339976549149,-0.3894684314727783,-3.0504496097564697
1697301611900880000,9.8188798828125,0.9789649844169617,0.19184400141239166,0.04532000049948692,0.05261300131678581,-0.0741860643029213,-0.39021360874176025,-3.0488760471343994
1697301611919718000,9.8377177734375,0.9783409833908081,0.194023996591568,0.049247000366449356,0.05270100012421608,-0.08233717828989029,-0.3950279653072357,-3.050447702407837
1697301611938556200,9.85655615234375,0.977433979511261,0.19750499725341797,0.0533749982714653,0.0525749996304512,-0.09095723927021027,-0.4024878144264221,-3.0526864528656006
1697301611957394400,9.87539453125,0.9770299792289734,0.19908399879932404,0.05396300181746483,0.05352199822664261,-0.09170353412628174,-0.40584850311279297,-3.051022529602051
1697301611976232400,9.894232421875,0.9772549867630005,0.19771799445152283,0.05398700013756752,0.05444300174713135,-0.09143722057342529,-0.4031526744365692,-3.048985242843628
1697301611995070500,9.913070556640625,0.977200984954834,0.19752900302410126,0.05589300021529198,0.05418400093913078,-0.09562315046787262,-0.4029220640659332,-3.0503532886505127
1697301612013908700,9.93190869140625,0.976481020450592,0.20072099566459656,0.05851700156927109,0.05263099819421768,-0.10172510892152786,-0.40951022505760193,-3.055041790008545
1697301612032746800,9.950746826171875,0.9757919907569885,0.2036380022764206,0.061128001660108566,0.051229000091552734,-0.10779642313718796,-0.4155352711677551,-3.059434652328491
1697301612051584800,9.969584716796875,0.9760710000991821,0.2028599977493286,0.060538001358509064,0.04966599866747856,-0.10726677626371384,-0.4137272536754608,-3.0624454021453857
1697301612070423000,9.988423095703125,0.9769610166549683,0.2001579999923706,0.05567700043320656,0.048813000321388245,-0.09737136960029602,-0.40773242712020874,-3.0618929862976074
1697301612089260800,10.0072607421875,0.9778730273246765,0.19702500104904175,0.05091699957847595,0.04849899932742119,-0.08751216530799866,-0.4009245038032532,-3.0602736473083496
1697301612108099000,10.02609912109375,0.9783809781074524,0.19484899938106537,0.05002700164914131,0.04796300083398819,-0.08596225827932358,-0.3963696360588074,-3.060898542404175
1697301612126937000,10.04493701171875,0.9783329963684082,0.19485099613666534,0.05179300159215927,0.04706300050020218,-0.09010147303342819,-0.3964361846446991,-3.063565254211426
1697301612145775400,10.063775390625,0.9778419733047485,0.19673499464988708,0.05453399941325188,0.046307001262903214,-0.09617490321397781,-0.40041664242744446,-3.066481590270996
1697301612164613400,10.08261328125,0.9772089719772339,0.1991489976644516,0.05741199851036072,0.045882001519203186,-0.10240137577056885,-0.40551140904426575,-3.068826675415039
1697301612183451400,10.101451416015625,0.9769899845123291,0.19991199672222137,0.058795999735593796,0.045465998351573944,-0.10551168024539948,-0.40712448954582214,-3.070385217666626
1697301612202289400,10.120289306640625,0.977528989315033,0.1972550004720688,0.05884699895977974,0.045416999608278275,-0.10572968423366547,-0.4017072916030884,-3.0702829360961914
1697301612221127400,10.13912744140625,0.9781820178031921,0.1944279968738556,0.05694900080561638,0.04596199840307236,-0.10155535489320755,-0.3958655297756195,-3.0680718421936035
1697301612239965700,10.157965576171875,0.9782009720802307,0.19466300308704376,0.0559069998562336,0.04584899917244911,-0.09937765449285507,-0.39625436067581177,-3.0678865909576416
1697301612258803700,10.1768037109375,0.9779059886932373,0.1971849948167801,0.05206499993801117,0.045882001519203186,-0.0910796970129013,-0.4011034667491913,-3.0663514137268066
1697301612277642000,10.19564208984375,0.9777529835700989,0.19873400032520294,0.04854999855160713,0.04632800072431564,-0.08332327008247375,-0.40402665734291077,-3.063973903656006
1697301612296480000,10.21447998046875,0.9781739711761475,0.19710299372673035,0.046358998864889145,0.046636998653411865,-0.0786062702536583,-0.40055134892463684,-3.062274217605591
1697301612315318300,10.233318359375,0.978456974029541,0.19597899913787842,0.045763999223709106,0.04602000117301941,-0.07766570150852203,-0.39816349744796753,-3.06327223777771
1697301612334156300,10.25215625,0.9786499738693237,0.19583800435066223,0.04281900078058243,0.045354001224040985,-0.07169459015130997,-0.397590309381485,-3.0634212493896484
1697301612352994300,10.270994384765626,0.9784650206565857,0.1975180059671402,0.03962299972772598,0.04495500028133392,-0.06496983766555786,-0.4007308781147003,-3.062967538833618
1697301612371832300,10.289832275390625,0.9779940247535706,0.2003210037946701,0.03767399862408638,0.04448400065302849,-0.06085558235645294,-0.40626081824302673,-3.0632236003875732
1697301612390670600,10.308670654296876,0.9776840209960938,0.20244200527668,0.03502599895000458,0.04386499896645546,-0.055349200963974,-0.4103403687477112,-3.063441276550293
1697301612409508600,10.327508544921875,0.97748202085495,0.20389199256896973,0.032947998493909836,0.043251000344753265,-0.051093414425849915,-0.4131011664867401,-3.063863754272461
1697301612428346600,10.3463466796875,0.9774060249328613,0.20479300618171692,0.03007899969816208,0.042798999696969986,-0.045106057077646255,-0.4146903455257416,-3.0635621547698975
1697301612447184600,10.3651845703125,0.9770839810371399,0.20688199996948242,0.026892999187111855,0.042211998254060745,-0.03841420263051987,-0.41867753863334656,-3.0634043216705322
1697301612466023000,10.38402294921875,0.9764569997787476,0.21007199585437775,0.02529899962246418,0.04196000099182129,-0.034888580441474915,-0.4250602126121521,-3.0632314682006836
1697301612484861000,10.40286083984375,0.9759870171546936,0.2121250033378601,0.025496000424027443,0.04244900122284889,-0.03493497893214226,-0.42929190397262573,-3.062277317047119
1697301612503699000,10.421698974609376,0.9761279821395874,0.21093200147151947,0.028845999389886856,0.04300599917769432,-0.041952647268772125,-0.427145391702652,-3.062633991241455
1697301612522537200,10.440537109375,0.976157009601593,0.21006500720977783,0.0332689993083477,0.04339199885725975,-0.051323357969522476,-0.42574575543403625,-3.063843250274658
1697301612541375200,10.459375244140626,0.976468026638031,0.20773600041866302,0.03641200065612793,0.04505399987101555,-0.057444240897893906,-0.4213317930698395,-3.0616655349731445
1697301612560213500,10.478213623046875,0.9760540127754211,0.20863400399684906,0.038888998329639435,0.04772600159049034,-0.061467494815588,-0.4235377311706543,-3.057095766067505
1697301612579051300,10.49705126953125,0.975737988948822,0.20923000574111938,0.04242299869656563,0.048555001616477966,-0.06862661242485046,-0.425116628408432,-3.0569663047790527
1697301612597889500,10.5158896484375,0.9757999777793884,0.20840899646282196,0.04536300152540207,0.04817600175738335,-0.07515916228294373,-0.42366236448287964,-3.0591018199920654
1697301612616727600,10.5347275390625,0.9761149883270264,0.20741599798202515,0.043529998511075974,0.047770000994205475,-0.07147371023893356,-0.4214484393596649,-3.0590872764587402
1697301612635565800,10.55356591796875,0.9765419960021973,0.20638300478458405,0.03962799906730652,0.04690000042319298,-0.06357540190219879,-0.41894885897636414,-3.0591330528259277
1697301612654403800,10.57240380859375,0.9767410159111023,0.20641599595546722,0.03554299846291542,0.04588000103831291,-0.05529181286692619,-0.418610543012619,-3.0594642162323
1697301612673242000,10.5912421875,0.9760550260543823,0.21047799289226532,0.031509000808000565,0.04495500028133392,-0.046792712062597275,-0.4265245199203491,-3.0596768856048584
1697301612692079900,10.610079833984376,0.9757739901542664,0.21220199763774872,0.02936900034546852,0.044411998242139816,-0.04232851043343544,-0.42984625697135925,-3.0598676204681396
1697301612710918100,10.628918212890625,0.9764149785041809,0.2093690037727356,0.028915999457240105,0.04405000060796738,-0.04172871634364128,-0.4240000247955322,-3.060408353805542
1697301612729756200,10.647756103515626,0.9773060083389282,0.2054930031299591,0.02701300010085106,0.04376799985766411,-0.03806544467806816,-0.4159112870693207,-3.060116767883301
1697301612748594200,10.66659423828125,0.9771440029144287,0.2066439986228943,0.02509400062263012,0.04309700056910515,-0.03417935594916344,-0.41807812452316284,-3.0606911182403564
1697301612767432200,10.68543212890625,0.9767950177192688,0.20893999934196472,0.021371999755501747,0.04192399978637695,-0.026571502909064293,-0.4224267601966858,-3.0615029335021973
1697301612786270500,10.7042705078125,0.9766950011253357,0.21010999381542206,0.014445999637246132,0.04135100170969963,-0.01189702469855547,-0.424232542514801,-3.0595297813415527
1697301612805108500,10.7231083984375,0.9765859842300415,0.21104200184345245,0.008557000197470188,0.040828999131917953,0.0005709131946787238,-0.4256359338760376,-3.0579020977020264
1697301612823946800,10.74194677734375,0.9764569997787476,0.21193499863147736,0.004631000105291605,0.039914000779390335,0.00865179393440485,-0.42713019251823425,-3.058009147644043
1697301612842784800,10.76078466796875,0.9753080010414124,0.21708199381828308,-0.0046350001357495785,0.04033200070261955,0.029307691380381584,-0.4368305206298828,-3.0524280071258545
1697301612861622800,10.779622802734375,0.975426971912384,0.21625100076198578,-0.00955200009047985,0.041057001799345016,0.040133196860551834,-0.4346464276313782,-3.0485966205596924
1697301612880460800,10.798460693359376,0.9751859903335571,0.21720099449157715,-0.008515000343322754,0.0419900007545948,0.03846568614244461,-0.43665164709091187,-3.0469937324523926
1697301612899299000,10.817299072265625,0.9748550057411194,0.21872200071811676,-0.002879000036045909,0.04252700135111809,0.026772622019052505,-0.4402875602245331,-3.0484087467193604
1697301612918137000,10.83613720703125,0.9747089743614197,0.21927699446678162,0.001686000032350421,0.04308300092816353,0.01726647838950157,-0.44184479117393494,-3.049370288848877
1697301612936975400,10.854975341796875,0.9749060273170471,0.2179960012435913,0.005491000134497881,0.044773001223802567,0.009740324690937996,-0.43956178426742554,-3.0476303100585938
1697301612955813600,10.873813720703126,0.9755589962005615,0.21451200544834137,0.00962899997830391,0.04663600027561188,0.0013446466764435172,-0.43282434344291687,-3.0457608699798584
1697301612974651400,10.8926513671875,0.9763000011444092,0.21063199639320374,0.014747999608516693,0.04746999964118004,-0.00966067984700203,-0.42539456486701965,-3.046510696411133
1697301612993489400,10.911489501953126,0.976859986782074,0.20752499997615814,0.020726000890135765,0.047401998192071915,-0.02279827371239662,-0.4196169078350067,-3.049473762512207
1697301613012327700,10.93032763671875,0.9772650003433228,0.20501300692558289,0.02606699988245964,0.04734199866652489,-0.034469131380319595,-0.4149806499481201,-3.0520386695861816
1697301613031165700,10.949165771484376,0.9773949980735779,0.20384100079536438,0.029639000073075294,0.047635000199079514,-0.04206496477127075,-0.4129248559474945,-3.0530078411102295
