time,seconds_elapsed,z,y,x
1701881788225826300,0.105826416015625,7.517650604248047,4.535296440124512,0.5201398134231567
1701881788235419000,0.1154189453125,6.579065799713135,4.4012980461120605,2.002194404602051
1701881788245010700,0.1250107421875,5.228915691375732,3.697509288787842,3.93679141998291
1701881788254603300,0.134603271484375,4.275974273681641,2.9578278064727783,4.302893161773682
1701881788264196600,0.144196533203125,4.144368648529053,2.6177480220794678,4.726722240447998
1701881788273789200,0.1537890625,4.663910388946533,2.3494527339935303,5.136193752288818
1701881788283381000,0.163381103515625,5.686244010925293,2.2034904956817627,4.982754230499268
1701881788292973600,0.1729736328125,6.866503715515137,2.363809585571289,4.345963954925537
1701881788302567000,0.18256689453125,7.826623916625977,2.6225335597991943,4.022933006286621
1701881788312159500,0.192159423828125,8.71226692199707,3.271287679672241,3.350250720977783
1701881788321751300,0.201751220703125,8.898907661437988,5.454738140106201,0.359820693731308
1701881788331344000,0.21134375,9.727422714233398,9.94845962524414,-5.649454116821289
1701881788340937200,0.220937255859375,8.786444664001465,9.182456970214844,-3.0780673027038574
1701881788350529800,0.23052978515625,6.09541654586792,3.675973892211914,4.966004371643066
1701881788360121600,0.24012158203125,7.831409454345703,3.6257245540618896,3.93679141998291
1701881788369714200,0.249714111328125,8.86062240600586,3.9152560234069824,2.4164516925811768
1701881788379307500,0.2593076171875,9.3490571975708,2.7517459392547607,3.184846878051758
1701881788388900000,0.268900146484375,10.270892143249512,2.1628124713897705,3.091526746749878
1701881788398492000,0.278491943359375,11.156535148620605,1.8708882331848145,2.823530673980713
1701881788408084500,0.28808447265625,11.484651565551758,1.7270197868347168,2.629412889480591
1701881788417677800,0.297677734375,11.84865951538086,2.088634967803955,3.208775281906128
1701881788427270400,0.3072705078125,12.243474960327148,2.1053848266601562,3.1920254230499268
1701881788436862200,0.3168623046875,11.120643615722656,2.526820659637451,2.3494527339935303
1701881788446454800,0.326454833984375,9.681958198547363,3.0846474170684814,1.5831513404846191
1701881788456048000,0.336048095703125,8.901300430297852,3.465106248855591,1.7940187454223633
1701881788465640700,0.345640625,8.877371788024902,3.268894910812378,2.028515338897705
1701881788475232500,0.355232421875,7.977371692657471,3.0846474170684814,1.2744771242141724
1701881788484825000,0.3648251953125,8.757730484008789,3.350250720977783,0.5611169338226318
1701881788494418400,0.37441845703125,8.791230201721191,3.079861879348755,0.6448656916618347
1701881788504011000,0.384010986328125,8.942276954650879,3.2282168865203857,0.4914259612560272
1701881788513602600,0.3936025390625,8.951848983764648,3.467499017715454,0.5009972453117371
1701881788523195400,0.4031953125,7.977371692657471,2.926422119140625,1.8753747940063477
1701881788532788700,0.412788818359375,7.716254711151123,3.716651678085327,2.361416816711426
1701881788542381300,0.42238134765625,7.661220073699951,4.166801452636719,2.48105788230896
1701881788551972900,0.431972900390625,7.76889705657959,3.9176487922668457,3.105883836746216
1701881788561565700,0.441565673828125,7.89123010635376,3.5754752159118652,4.022933006286621
1701881788571159000,0.451158935546875,7.634898662567139,3.4244282245635986,4.755435943603516
1701881788580751400,0.46075146484375,7.579864025115967,3.419642686843872,5.454439163208008
1701881788590343200,0.47034326171875,7.675576686859131,3.4411780834198,6.201598167419434
1701881788599935700,0.479935791015625,7.725826263427734,3.692723512649536,6.603592395782471
1701881788609529000,0.489529052734375,7.608577728271484,3.5754752159118652,6.33798885345459
1701881788619121700,0.49912158203125,7.496115207672119,3.075076103210449,5.9285173416137695
1701881788628713500,0.50871337890625,7.64447021484375,2.792423963546753,5.583950519561768
1701881788638306000,0.51830615234375,7.867301940917969,2.7038896083831787,5.1290154457092285
1701881788647899400,0.5278994140625,8.468199729919434,2.5698914527893066,4.808077812194824
1701881788657492000,0.537491943359375,9.102596282958984,2.3590240478515625,4.571188449859619
1701881788667083800,0.547083740234375,9.504889488220215,2.215454578399658,4.3794636726379395
1701881788676676400,0.55667626953125,9.78245735168457,2.000100612640381,4.24785852432251
1701881788686269700,0.566269775390625,9.959526062011719,1.72941255569458,4.257429599761963
1701881788695862300,0.5758623046875,10.096216201782227,1.3513466119766235,4.324428558349609
1701881788705454000,0.5854541015625,10.328319549560547,0.9969097375869751,4.6764726638793945
1701881788715046700,0.595046630859375,10.234999656677246,0.9969097375869751,5.078765869140625
1701881788724640000,0.604639892578125,9.588638305664062,1.2556337118148804,5.401797294616699
1701881788734232600,0.614232666015625,8.86062240600586,1.5595221519470215,5.684449195861816
1701881788743824400,0.623824462890625,8.276473999023438,1.7748762369155884,5.808876037597656
1701881788753417000,0.6334169921875,7.89840841293335,1.9402800798416138,5.68684196472168
1701881788763010300,0.64301025390625,8.07069206237793,2.6225335597991943,5.3970112800598145
1701881788772603000,0.652602783203125,8.283653259277344,2.6943182945251465,5.344369411468506
1701881788782194700,0.662194580078125,7.673183917999268,2.1867408752441406,5.682056427001953
1701881788791787300,0.671787353515625,7.213462829589844,1.9594225883483887,5.851946830749512
1701881788801380600,0.681380615234375,6.74446964263916,2.0359928607940674,6.02901554107666
1701881788810973200,0.69097314453125,6.4905314445495605,2.1484556198120117,6.237490653991699
1701881788820565000,0.70056494140625,6.318248271942139,2.268096685409546,6.426523208618164
1701881788830157600,0.710157470703125,6.193821430206299,2.4717857837677,6.4289164543151855
1701881788839751000,0.7197509765625,6.10259485244751,2.5986053943634033,6.304489612579346
1701881788849343500,0.729343505859375,6.035595893859863,2.5292134284973145,6.1465630531311035
1701881788858935300,0.738935302734375,5.930311679840088,2.517249345779419,6.024230003356934
1701881788868527900,0.74852783203125,5.959025859832764,2.555534601211548,5.895017623901367
1701881788878121200,0.758121337890625,6.141179084777832,2.579462766647339,5.885446548461914
1701881788887713800,0.7677138671875,6.375676155090332,2.4670002460479736,6.009873390197754
1701881788897305600,0.7773056640625,6.811468601226807,2.354238271713257,6.225526332855225
1701881788906898200,0.786898193359375,7.230212688446045,2.2178475856781006,6.369095802307129
1701881788916491500,0.796491455078125,7.565506935119629,2.0742781162261963,6.299703598022461
1701881788926084000,0.806083984375,7.884051322937012,1.9905292987823486,6.129514217376709
1701881788935676000,0.815676025390625,8.04676342010498,1.9857436418533325,6.012266159057617
1701881788945268500,0.8252685546875,8.132905006408691,2.0216360092163086,5.825625896453857
1701881788954861800,0.83486181640625,8.338687896728516,1.9833508729934692,5.825625896453857
1701881788964454400,0.844454345703125,8.640482902526855,1.8637096881866455,5.969195365905762
1701881788974046200,0.854046142578125,8.886942863464355,1.7724833488464355,5.969195365905762
1701881788983638800,0.863638671875,9.164810180664062,1.669592022895813,5.8351969718933105
1701881788993232100,0.873232177734375,9.365806579589844,1.5308083295822144,5.775376319885254
1701881789002824700,0.88282470703125,9.396913528442383,1.4279168844223022,5.674878120422363
1701881789012416300,0.892416259765625,9.294022560119629,1.308275818824768,5.5692949295043945
1701881789022009000,0.902009033203125,9.291629791259766,1.308275818824768,5.1768717765808105
1701881789031602400,0.9116025390625,9.4088773727417,1.3010972738265991,4.77457857131958
1701881789041195000,0.921195068359375,9.37059211730957,1.212263822555542,4.547260284423828
1701881789050786600,0.93078662109375,9.341878890991211,1.0184451341629028,4.671687126159668
1701881789060379400,0.94037939453125,9.291629791259766,0.905982494354248,4.985146999359131
1701881789069972700,0.94997265625,9.133703231811523,0.9849455952644348,5.270191669464111
1701881789079565300,0.9595654296875,8.954241752624512,1.0016953945159912,5.593522071838379
1701881789089156900,0.969156982421875,8.894122123718262,0.9514461159706116,5.9285173416137695
1701881789098749700,0.978749755859375,8.748159408569336,0.8533403873443604,6.158527374267578
1701881789108343000,0.988343017578125,8.528019905090332,0.6954140663146973,6.378666877746582
1701881789117935600,0.997935546875,8.228617668151855,0.5515456199645996,6.536593437194824
1701881789127527200,1.007527099609375,7.89123010635376,0.5850451588630676,6.553342819213867
1701881789137119700,1.01711962890625,7.563114166259766,0.7121638655662537,6.5629143714904785
1701881789146713300,1.02671337890625,7.407580852508545,0.7217351198196411,6.591628074645996
1701881789156305700,1.0363056640625,7.493722438812256,0.6640082597732544,6.637091636657715
1701881789165897500,1.0458974609375,7.603792190551758,0.5874379873275757,6.637091636657715
1701881789175490000,1.055489990234375,7.654041290283203,0.4534398913383484,6.658627033233643
1701881789185083400,1.06508349609375,7.692326545715332,0.35054850578308105,6.68016242980957
1701881789194676200,1.07467626953125,7.72104024887085,0.3002992272377014,6.675376892089844
1701881789204267800,1.084267822265625,7.7353973388671875,0.13519448041915894,6.634698867797852
1701881789213860400,1.0938603515625,7.780860900878906,0.015254244208335876,6.529414653778076
1701881789223453700,1.10345361328125,7.919943809509277,-0.04695914313197136,6.330810546875
1701881789233046300,1.11304638671875,8.128119468688965,-0.13070793449878693,6.124728679656982
1701881789242638000,1.12263818359375,8.223832130432129,-0.13549357652664185,5.940481185913086
1701881789252230700,1.132230712890625,8.252546310424805,-0.11874382197856903,5.8112688064575195
1701881789261824000,1.141823974609375,8.362615585327148,-0.16420745849609375,5.696413516998291
1701881789271416600,1.15141650390625,8.58784008026123,-0.384347140789032,5.61745023727417
1701881789281008400,1.16100830078125,8.791230201721191,-0.4540380835533142,5.55015230178833
1701881789290601000,1.17060107421875,8.898907661437988,-0.3723830282688141,5.423332691192627
1701881789300194300,1.1801943359375,8.982954978942871,-0.2766701281070709,5.511867046356201
1701881789309787000,1.189786865234375,8.863015174865723,-0.15702898800373077,5.830411434173584
1701881789319378700,1.199378662109375,8.635697364807129,-0.034995030611753464,6.208776473999023
1701881789328971300,1.20897119140625,8.413164138793945,0.07746763527393341,6.536593437194824
1701881789338564600,1.218564697265625,8.269295692443848,0.2021935135126114,6.778567314147949
1701881789348157200,1.2281572265625,8.111370086669922,0.2763710021972656,7.013063907623291
1701881789357749000,1.2377490234375,7.89840841293335,0.37447673082351685,7.2451677322387695
1701881789367341600,1.247341552734375,7.608577728271484,0.3840480446815491,7.439285755157471
1701881789376935000,1.256934814453125,7.352545738220215,0.3074777126312256,7.499105930328369
1701881789386527500,1.266527587890625,7.230212688446045,0.2883351147174835,7.170990467071533
1701881789396119300,1.276119384765625,7.3262248039245605,0.3122633695602417,6.790531635284424
1701881789405712000,1.2857119140625,7.481758117675781,0.3194418251514435,6.546164512634277
1701881789415305200,1.29530517578125,7.730611801147461,0.13280165195465088,6.39302396774292
1701881789424897800,1.304897705078125,7.8194451332092285,0.012861421331763268,6.158527374267578
1701881789434489600,1.314489501953125,7.811967849731445,-0.04935196787118912,5.832804203033447
1701881789444082200,1.324082275390625,7.816753387451172,-0.054137613624334335,5.490331649780273
1701881789453675500,1.333675537109375,7.680362701416016,0.06071787327528,5.08355188369751
1701881789463268000,1.34326806640625,7.811967849731445,0.12801600992679596,4.688436985015869
1701881789472860000,1.35285986328125,7.931908130645752,-0.032602209597826004,4.542474746704102
1701881789482452500,1.362452392578125,7.821837902069092,-0.09481559693813324,4.37228536605835
1701881789492045800,1.3720458984375,7.5942206382751465,-0.2910270392894745,4.2622151374816895
1701881789501638400,1.381638427734375,7.608577728271484,-0.5712863802909851,4.015754699707031
1701881789511230200,1.391230224609375,7.814360618591309,-0.542572557926178,3.8383865356445312
1701881789520822800,1.40082275390625,7.89840841293335,-0.4707878530025482,3.8718862533569336
1701881789530416000,1.410416015625,7.740182876586914,-0.544965386390686,4.353142738342285
1701881789540008700,1.4200087890625,7.5272216796875,-0.7172485589981079,5.126622676849365
1701881789549600500,1.4296005859375,7.3022966384887695,-0.9756734371185303,5.746662616729736
1701881789559193000,1.439193115234375,7.275975227355957,-1.2008978128433228,5.842375755310059
1701881789568786400,1.448786376953125,7.383652687072754,-1.435394525527954,5.444868087768555
1701881789578379000,1.45837890625,7.850552082061768,-1.710868239402771,4.530510425567627
1701881789587970800,1.467970703125,8.429914474487305,-2.184946060180664,3.5488550662994385
1701881789597563400,1.4775634765625,8.980562210083008,-2.8935208320617676,3.1034910678863525
1701881789607156700,1.48715673828125,9.502496719360352,-3.49920392036438,2.8139593601226807
1701881789616749300,1.496749267578125,9.686744689941406,-4.004388809204102,2.710768938064575
1701881789626341000,1.506341064453125,9.428020477294922,-4.3657050132751465,2.7131617069244385
1701881789635933700,1.51593359375,8.882157325744629,-4.698606491088867,2.981456995010376
1701881789645527000,1.525527099609375,8.247760772705078,-4.89481782913208,2.9790642261505127
1701881789655119600,1.53511962890625,7.201498985290527,-5.038686275482178,3.043670415878296
1701881789664711400,1.54471142578125,6.380461692810059,-5.165505886077881,3.4148569107055664
1701881789674304000,1.554303955078125,5.710172176361084,-5.1774702072143555,3.7474594116210938
1701881789683897300,1.5638974609375,4.539483547210693,-4.868496894836426,3.883850336074829
1701881789693490000,1.573489990234375,2.909074068069458,-4.581357955932617,3.989433526992798
1701881789703081700,1.583081787109375,1.3671990633010864,-4.540679931640625,4.216751575469971
1701881789712674300,1.59267431640625,0.08165507018566132,-4.610072135925293,5.030909538269043
1701881789722267600,1.602267578125,-1.1249257326126099,-4.471288204193115,5.837589740753174
1701881789731860200,1.611860107421875,-2.2764716148376465,-4.492823600769043,6.333203315734863
1701881789741452000,1.6214521484375,-2.9374887943267822,-4.945366382598877,7.386643409729004
1701881789751044600,1.631044677734375,-2.726621389389038,-5.4143595695495605,8.571688652038574
1701881789760638000,1.640637939453125,-2.583052158355713,-6.003293037414551,9.548559188842773
1701881789770230500,1.65023046875,-3.2389845848083496,-7.186244487762451,12.232109069824219
1701881789779822300,1.659822265625,-3.193521022796631,-7.265207767486572,13.149158477783203
1701881789789415000,1.669414794921875,-3.7058839797973633,-6.901199817657471,14.336596488952637
1701881789799008300,1.67900830078125,-3.445066452026367,-5.948257923126221,13.881661415100098
1701881789808600800,1.688600830078125,-2.427518606185913,-5.8597235679626465,12.572189331054688
1701881789818192600,1.698192626953125,-2.14725923538208,-6.7193450927734375,11.207682609558105
1701881789827785200,1.70778515625,-1.158425211906433,-7.1524457931518555,10.412667274475098
1701881789837378600,1.717378662109375,0.7615157961845398,-7.918747425079346,10.596914291381836
1701881789846971100,1.72697119140625,2.3105692863464355,-8.102994918823242,9.996016502380371
1701881789856563000,1.73656298828125,3.035893678665161,-8.356932640075684,9.00269603729248
1701881789866155500,1.746155517578125,2.4278175830841064,-8.775676727294922,7.987541198730469
1701881789875748900,1.755748779296875,1.848455548286438,-8.629714965820312,6.560521602630615
1701881789885341400,1.765341552734375,1.0390832424163818,-8.220243453979492,4.937290191650391
1701881789894933200,1.774933349609375,0.20847466588020325,-8.150851249694824,4.118646144866943
1701881789904525800,1.78452587890625,-0.7396813035011292,-8.004889488220215,3.4076786041259766
1701881789914119200,1.794119140625,-0.9047860503196716,-7.870891094207764,2.7203402519226074
1701881789923711700,1.803711669921875,-0.9334999322891235,-8.119744300842285,2.5959134101867676
1701881789933303600,1.813303466796875,-1.3381860256195068,-8.337790489196777,2.3255245685577393
1701881789942896000,1.822896240234375,1.5083755254745483,-10.473085403442383,9.445367813110352
1701881789952489500,1.832489501953125,9.490233421325684,-11.162817001342773,19.371395111083984
1701881789962082000,1.84208203125,9.049954414367676,-9.28564739227295,15.241682052612305
1701881789971673900,1.851673828125,3.636791229248047,-8.007282257080078,7.130312442779541
1701881789981266400,1.861266357421875,-3.0954151153564453,-8.988937377929688,3.5081770420074463
1701881789990859800,1.87085986328125,-6.322734832763672,-9.8267240524292,4.367499351501465
1701881790000452400,1.880452392578125,-4.290031909942627,-8.837890625,4.540081977844238
1701881790010044200,1.890044189453125,-1.3812568187713623,-8.289634704589844,3.896113395690918
1701881790019636700,1.89963671875,0.7615157961845398,-9.23300552368164,3.8647077083587646
1701881790029230000,1.90922998046875,3.557828187942505,-9.347860336303711,3.852743625640869
1701881790038822700,1.91882275390625,4.180261135101318,-9.374181747436523,4.441677093505859
1701881790048414500,1.92841455078125,3.2177481651306152,-9.673583984375,4.00618314743042
1701881790058007000,1.938007080078125,1.139880895614624,-9.654440879821777,3.7594234943389893
1701881790067600400,1.947600341796875,-0.6655037999153137,-9.144471168518066,3.7833516597747803
1701881790077193000,1.95719287109375,-1.500898003578186,-8.7445707321167,4.166502475738525
1701881790086784800,1.96678466796875,-1.7476578950881958,-8.19392204284668,4.7937211990356445
1701881790096377300,1.97637744140625,-1.9462621212005615,-7.82064151763916,5.274977684020996
1701881790105970700,1.985970703125,-1.8864415884017944,-7.595417499542236,5.499902725219727
1701881790115563300,1.995563232421875,-0.28235307335853577,-6.45822811126709,4.915754795074463
1701881790125155000,2.005155029296875,2.2220349311828613,-5.443073272705078,3.6924245357513428
1701881790134747600,2.01474755859375,4.601696968078613,-4.878067970275879,0.5539384484291077
1701881790144341000,2.024341064453125,1.970489501953125,-4.729712963104248,-1.2610175609588623
1701881790153933600,2.03393359375,0.6251249313354492,-5.558228015899658,-0.5521438121795654
1701881790163525000,2.043525146484375,0.6801598072052002,-6.64277458190918,-0.08315058797597885
1701881790173118000,2.053117919921875,-1.2616157531738281,-5.380859851837158,2.6174488067626953
1701881790182711300,2.062711181640625,-0.26560330390930176,-3.9158542156219482,2.3757736682891846
1701881790192303900,2.072303955078125,0.09840483218431473,-3.5685958862304688,1.6190435886383057
1701881790201895400,2.0818955078125,0.1534397453069687,-3.3699915409088135,1.2529417276382446
1701881790211488300,2.09148828125,-2.606980323791504,-5.651547908782959,-1.5170495510101318
1701881790221081600,2.10108154296875,0.9098708033561707,-8.20110034942627,-3.1642088890075684
1701881790230674200,2.110674072265625,4.144368648529053,-7.166802883148193,-0.3487538993358612
1701881790240265700,2.120265625,-0.9000003933906555,-5.919544219970703,3.177668571472168
1701881790249858600,2.129858642578125,-4.134498596191406,-6.4510498046875,3.661317825317383
1701881790259452000,2.139451904296875,-4.809573650360107,-8.612964630126953,2.9001009464263916
1701881790269044200,2.149044189453125,-6.253343105316162,-11.888140678405762,2.0859432220458984
1701881790278636000,2.158635986328125,-6.894918441772461,-13.839188575744629,2.2800607681274414
1701881790288228600,2.168228515625,-3.1911280155181885,-12.59432315826416,2.3494527339935303
1701881790297822200,2.177822265625,-0.6966105103492737,-10.418050765991211,1.5544373989105225
1701881790307414500,2.18741455078125,2.2025933265686035,-11.955140113830566,-1.4691931009292603
1701881790317006300,2.19700634765625,0.981655478477478,-31.646575927734375,-10.12134075164795
1701881790326599000,2.206598876953125,2.9042885303497314,-42.8222541809082,-3.8249270915985107
1701881790336192300,2.216192138671875,4.649553298950195,-34.723148345947266,14.195420265197754
1701881790345784800,2.225784912109375,2.564208507537842,-14.914164543151855,9.442975044250488
1701881790355376600,2.235376708984375,-0.646361231803894,-7.277172088623047,4.0803608894348145
1701881790364969200,2.24496923828125,-2.3294129371643066,-4.7249274253845215,-0.2027917206287384
1701881790374562600,2.2545625,-2.274078845977783,-7.2867431640625,-0.6960122585296631
1701881790384155100,2.264155029296875,-1.5655041933059692,-9.762118339538574,0.23300109803676605
1701881790393747000,2.273746826171875,-1.4889339208602905,-9.35025405883789,0.7716853022575378
1701881790403339500,2.283339599609375,-1.2233306169509888,-9.13729190826416,1.4300106763839722
1701881790412932900,2.292932861328125,-0.8952147960662842,-9.189934730529785,1.0707881450653076
1701881790422525400,2.302525390625,-0.7468597888946533,-9.319147109985352,0.747757077217102
1701881790432117200,2.3121171875,-0.4139583110809326,-9.771689414978027,0.7525427341461182
1701881790441709800,2.321709716796875,-0.27756741642951965,-10.2385892868042,1.0013962984085083
1701881790451303200,2.33130322265625,-0.4378865361213684,-10.492228507995605,1.1093723773956299
1701881790460895700,2.340895751953125,-0.6320042610168457,-10.377372741699219,0.9942178130149841
1701881790470487600,2.350487548828125,-0.7085745930671692,-10.138090133666992,0.9176474809646606
1701881790480080100,2.360080078125,-0.91914302110672,-9.769296646118164,0.8961120843887329
1701881790489673500,2.369673583984375,-1.2305090427398682,-9.714262008666992,0.8554341197013855
1701881790499266000,2.37926611328125,-1.6037893295288086,-9.960722923278809,0.8626125454902649
1701881790508857900,2.38885791015625,-1.40279221534729,-9.833903312683105,0.7070791125297546
1701881790518450400,2.398450439453125,-0.4737788736820221,-8.929117202758789,-0.4325026869773865
1701881790528043800,2.408043701171875,-0.3732803463935852,-9.194720268249512,-0.5979065299034119
1701881790537636400,2.41763623046875,-1.319043517112732,-9.853045463562012,0.07028916478157043
1701881790547228200,2.427228271484375,-2.171187400817871,-10.3319091796875,0.8123632669448853
1701881790556820700,2.43682080078125,-1.2711870670318604,-11.018948554992676,0.6209374666213989
1701881790566414000,2.4464140625,0.30658039450645447,-10.413265228271484,0.7381857633590698
1701881790576006700,2.456006591796875,0.11515458673238754,-9.754940032958984,0.4052843451499939
1701881790585598500,2.465598388671875,-1.5583257675170898,-9.888937950134277,0.6400800347328186
1701881790595191000,2.47519091796875,-1.7428722381591797,-9.853045463562012,1.0974082946777344
1701881790604784400,2.484784423828125,-1.280758261680603,-9.869794845581055,1.1596217155456543
1701881790614377000,2.494376953125,-0.9837492108345032,-9.865009307861328,1.0205388069152832
1701881790623969500,2.503969482421875,-1.0244271755218506,-9.81236743927002,0.9224331378936768
1701881790633561300,2.513561279296875,-1.0794621706008911,-9.79083251953125,0.9176474809646606
1701881790643154700,2.52315478515625,-1.1009975671768188,-9.77408218383789,0.9391828775405884
1701881790652747300,2.532747314453125,-1.1153544187545776,-9.776474952697754,0.9415757060050964
1701881790662339000,2.542339111328125,-1.1874382495880127,-9.843474388122559,1.022931694984436
1701881790671931600,2.551931640625,-1.3094722032546997,-9.867402076721191,1.181157112121582
1701881790681525000,2.56152490234375,-1.3310075998306274,-9.838688850402832,1.2242279052734375
1701881790691117600,2.57111767578125,-1.4171491861343384,-9.841081619262695,1.3438689708709717
1701881790700709000,2.580709228515625,-1.5032907724380493,-9.848259925842285,1.4898312091827393
1701881790710302000,2.590302001953125,-1.551147222518921,-9.841081619262695,1.6190435886383057
1701881790719895300,2.599895263671875,-1.5726827383041382,-9.829116821289062,1.724626898765564
1701881790729488000,2.60948779296875,-1.532004714012146,-9.845867156982422,1.7940187454223633
1701881790739079400,2.619079345703125,-1.469791293144226,-9.824331283569336,1.8586249351501465
1701881790748672300,2.62867236328125,-1.414756417274475,-9.776474952697754,1.882553219795227
1701881790758265600,2.638265625,-1.3692927360534668,-9.745368003845215,1.9040886163711548
1701881790767858000,2.64785791015625,-1.3453645706176758,-9.671191215515137,1.908874273300171
1701881790777449700,2.65744970703125,-1.3764712810516357,-9.620942115783691,1.949552297592163
1701881790787042300,2.667042236328125,-1.4482558965682983,-9.551549911499023,1.9615163803100586
1701881790796635600,2.6766357421875,-1.5032907724380493,-9.518050193786621,1.949552297592163
1701881790806228200,2.686228271484375,-1.5176477432250977,-9.515657424926758,1.8634105920791626
1701881790815820000,2.695820068359375,-1.5487544536590576,-9.508479118347168,1.7772690057754517
1701881790825412600,2.70541259765625,-1.5750755071640015,-9.496515274047852,1.6839489936828613
1701881790835006000,2.715005859375,-1.5990036725997925,-9.522835731506348,1.6357933282852173
1701881790844598500,2.7245986328125,-1.5774682760238647,-9.57787036895752,1.5520446300506592
1701881790854190300,2.7341904296875,-1.5391831398010254,-9.640084266662598,1.5041881799697876
1701881790863783000,2.743782958984375,-1.5535401105880737,-9.70229721069336,1.4898312091827393
1701881790873376300,2.753376220703125,-1.5128620862960815,-9.742975234985352,1.4778671264648438
1701881790882968800,2.76296875,-1.4243277311325073,-9.78126049041748,1.413260817527771
1701881790892560600,2.772560546875,-1.3381860256195068,-9.79801082611084,1.3558331727981567
1701881790902153200,2.7821533203125,-1.3046865463256836,-9.81236743927002,1.2768700122833252
1701881790911746600,2.79174658203125,-1.2496516704559326,-9.81954574584961,1.2385848760604858
1701881790921339100,2.801339111328125,-1.1536396741867065,-9.829116821289062,1.1476575136184692
1701881790930931000,2.810930908203125,-1.0052846670150757,-9.79801082611084,1.0950154066085815
1701881790940523500,2.8205234375,-0.8712865710258484,-9.764511108398438,1.0660024881362915
1701881790950116900,2.830116943359375,-0.7851449251174927,-9.754940032958984,1.0492527484893799
1701881790959709400,2.83970947265625,-0.7468597888946533,-9.79801082611084,1.022931694984436
1701881790969301200,2.84930126953125,-0.6942176818847656,-9.843474388122559,0.9822536706924438
1701881790978893800,2.858893798828125,-0.646361231803894,-9.908080101013184,0.8913264274597168
1701881790988487200,2.868487060546875,-0.5862415432929993,-9.946365356445312,0.8410771489143372
1701881790998079700,2.878079833984375,-0.5216353535652161,-9.967901229858398,0.7621139883995056
1701881791007671300,2.88767138671875,-0.5000999569892883,-9.896116256713867,0.6735795736312866
1701881791017264000,2.89726416015625,-0.4498506486415863,-9.778867721557617,0.5850451588630676
1701881791026857500,2.906857421875,0.04097708687186241,-9.872187614440918,0.6999006271362305
1701881791036450000,2.916449951171875,0.03858426585793495,-9.967901229858398,0.6687939167022705
1701881791046041600,2.92604150390625,-0.03559323772788048,-10.0040922164917,0.6448656916618347
1701881791055634400,2.935634521484375,-0.002093719784170389,-9.994521141052246,0.5491527915000916
1701881791065227800,2.945227783203125,0.014656038954854012,-9.963115692138672,0.43160539865493774
1701881791074820000,2.954820068359375,-0.00687936507165432,-10.044770240783691,0.37896329164505005
1701881791084412000,2.964411865234375,0.009870393201708794,-10.054341316223145,0.3358924686908722
1701881791094004500,2.97400439453125,0.05294119939208031,-10.097412109375,0.2593221664428711
1701881791103597800,2.983597900390625,0.06969095766544342,-10.054341316223145,0.20189441740512848
1701881791113190400,2.9931904296875,0.06969095766544342,-10.059126853942871,0.16360925137996674
1701881791122782200,3.0027822265625,-0.002093719784170389,-10.020842552185059,0.041575293987989426
1701881791132374800,3.012374755859375,-0.062213387340307236,-10.020842552185059,-0.04486542567610741
1701881791141968100,3.021968017578125,-0.12921242415905,-10.039984703063965,-0.11904292553663254
1701881791151560700,3.031560791015625,-0.1698904037475586,-10.085448265075684,-0.1788634955883026
1701881791161152500,3.041152587890625,-0.2153540402650833,-10.10698413848877,-0.19561325013637543
1701881791170745000,3.0507451171875,-0.32542386651039124,-10.205089569091797,-0.13100704550743103
1701881791180338400,3.06033837890625,-0.4666004180908203,-10.281660079956055,-0.032602209597826004
1701881791189931000,3.069930908203125,-0.6176473498344421,-10.31755256652832,0.05593222752213478
1701881791199522800,3.079522705078125,-0.732502818107605,-10.341480255126953,0.16839489340782166
1701881791209115400,3.089115478515625,-0.7444669604301453,-10.35344409942627,0.2832503914833069
1701881791218708700,3.098708740234375,-0.5838487148284912,-10.401301383972168,0.4052843451499939
1701881791228301300,3.10830126953125,-0.576670229434967,-10.47069263458252,0.481854647397995
1701881791237893000,3.11789306640625,-0.5264210104942322,-10.47787094116211,0.5276173949241638
1701881791247485700,3.127485595703125,-0.5048855543136597,-10.437192916870117,0.5129613280296326
1701881791257079000,3.1370791015625,-0.5527420043945312,-10.372587203979492,0.4627120792865753
1701881791266671600,3.146671630859375,-0.5407779216766357,-10.252945899963379,0.42681974172592163
1701881791276263200,3.15626318359375,-0.4618147611618042,-10.173982620239258,0.3646063506603241
1701881791285856000,3.16585595703125,-0.5144568681716919,-10.085448265075684,0.3071786165237427
1701881791295449300,3.175449462890625,-0.6056832075119019,-9.963115692138672,0.29042884707450867
1701881791305042000,3.1850419921875,-0.6607181429862976,-9.886545181274414,0.31435707211494446
1701881791314633500,3.194633544921875,-0.6918248534202576,-9.857831001281738,0.29760730266571045
1701881791324226300,3.204226318359375,-0.6343970894813538,-9.821938514709473,0.3047857880592346
1701881791333819600,3.213819580078125,-0.6702894568443298,-9.831509590148926,0.24257239699363708
1701881791343412000,3.223411865234375,-0.7396813035011292,-9.841081619262695,0.22821545600891113
1701881791353003800,3.233003662109375,-0.7396813035011292,-9.869794845581055,0.22821545600891113
1701881791362596400,3.242596435546875,-0.7229315638542175,-9.924830436706543,0.2066800594329834
1701881791372189700,3.252189697265625,-0.8832506537437439,-10.171589851379395,0.06071787327528
1701881791381782300,3.2617822265625,-0.6870391964912415,-10.008877754211426,0.008075776509940624
1701881791391374000,3.2713740234375,-0.9646066427230835,-9.81954574584961,0.0726819857954979
1701881791400966700,3.280966552734375,-0.91914302110672,-9.900901794433594,-0.06161518394947052
1701881791410560000,3.29056005859375,-0.9358927607536316,-10.020842552185059,-0.0687936544418335
1701881791420152600,3.300152587890625,-0.9646066427230835,-10.109376907348633,-0.03768695518374443
1701881791429744400,3.309744384765625,-0.8641080856323242,-10.080662727355957,-0.00867398176342249
1701881791439337000,3.3193369140625,-0.8401798605918884,-10.011270523071289,0.1013958603143692
1701881791448930300,3.328930419921875,-0.8234301209449768,-9.967901229858398,0.13489536941051483
1701881791458523000,3.33852294921875,-0.8138588070869446,-9.967901229858398,0.1540379524230957
1701881791468114700,3.34811474609375,-0.7612167000770569,-10.030413627624512,0.22103698551654816
1701881791477707300,3.357707275390625,-0.7301099896430969,-9.980164527893066,0.20907287299633026
1701881791487300600,3.367300537109375,-0.6678966283798218,-10.030413627624512,0.2665006220340729
1701881791496893200,3.37689306640625,-0.6678966283798218,-10.047163009643555,0.28085756301879883
1701881791506485000,3.386485107421875,-0.5790630578994751,-10.051948547363281,0.25692933797836304
1701881791516077600,3.39607763671875,-0.5096712112426758,-10.063913345336914,0.2521436810493469
1701881791525671000,3.4056708984375,-0.5383850932121277,-10.032806396484375,0.2066800594329834
1701881791535263500,3.415263427734375,-0.5958128571510315,-10.020842552185059,0.18753747642040253
1701881791544855000,3.42485498046875,-0.6822535395622253,-9.977771759033203,0.12771691381931305
1701881791554448000,3.43444775390625,-0.7516453862190247,-9.910472869873047,0.07746763527393341
1701881791564041200,3.444041259765625,-0.8258228898048401,-9.862616539001465,0.08225327730178833
1701881791573633500,3.453633544921875,-0.921535849571228,-9.853045463562012,0.12293126434087753
1701881791583225300,3.463225341796875,-0.9263214468955994,-9.89850902557373,0.20428723096847534
1701881791592818000,3.47281787109375,-0.8712865710258484,-9.93679428100586,0.247358039021492
1701881791602411300,3.482411376953125,-0.8330013751983643,-9.917651176452637,0.3334996700286865
1701881791612003800,3.49200390625,-0.8042874932289124,-9.893723487854004,0.4387838542461395
1701881791621595600,3.501595703125,-0.7396813035011292,-9.874580383300781,0.537188708782196
1701881791631188200,3.511188232421875,-0.6535396575927734,-9.867402076721191,0.6400800347328186
1701881791640781600,3.520781494140625,-0.5982056856155396,-9.896116256713867,0.7238288521766663
1701881791650374100,3.5303740234375,-0.6200401782989502,-9.88415241241455,0.7812566161155701
1701881791659966000,3.539966064453125,-0.6248258352279663,-9.89133071899414,0.8219345808029175
1701881791669558500,3.54955859375,-0.6080760359764099,-9.915258407592773,0.8410771489143372
1701881791679151900,3.55915185546875,-0.5982056856155396,-9.915258407592773,0.8697910308837891
1701881791688744400,3.568744384765625,-0.5982056856155396,-9.946365356445312,0.9726824164390564
1701881791698336300,3.578336181640625,-0.5814558863639832,-9.970293998718262,1.0755738019943237
1701881791707928800,3.5879287109375,-0.5910272002220154,-9.98973560333252,1.1955139636993408
1701881791717522200,3.597522216796875,-0.6224330067634583,-9.999306678771973,1.303191065788269
1701881791727114800,3.60711474609375,-0.7085745930671692,-9.951150894165039,1.3151551485061646
1701881791736706600,3.61670654296875,-0.7564310431480408,-9.874580383300781,1.2888340950012207
1701881791746299100,3.626299072265625,-0.7420741319656372,-9.814760208129883,1.212263822555542
1701881791755892500,3.635892578125,-0.6870391964912415,-9.793225288391113,1.1069796085357666
1701881791765485000,3.645485107421875,-0.6176473498344421,-9.79801082611084,1.0396814346313477
1701881791775076600,3.65507666015625,-0.5240281820297241,-9.831509590148926,0.989432156085968
1701881791784669400,3.66466943359375,-0.4498506486415863,-9.817152976989746,0.9200403094291687
1701881791794262800,3.6742626953125,-0.4307080805301666,-9.776474952697754,0.7932206988334656
1701881791803855000,3.683855224609375,-0.4570291340351105,-9.742975234985352,0.6281159520149231
1701881791813447000,3.693447021484375,-0.48813581466674805,-9.999306678771973,0.7238288521766663
1701881791823039500,3.70303955078125,-0.41874396800994873,-10.195518493652344,0.7716853022575378
1701881791832632800,3.7126328125,-0.3732803463935852,-10.08305549621582,0.4746761918067932
1701881791842225400,3.722225341796875,-0.4737788736820221,-10.130911827087402,0.4627120792865753
1701881791851817200,3.731817138671875,-0.37088751792907715,-10.45633602142334,0.46031925082206726
1701881791861409800,3.741409912109375,-0.33020952343940735,-10.441978454589844,0.3526422381401062
1701881791871003100,3.751003173828125,-0.4043870270252228,-10.209875106811523,0.2234298139810562
1701881791880595700,3.760595703125,-0.5072783827781677,-9.98973560333252,0.22582264244556427
1701881791890187500,3.7701875,-0.4785645306110382,-9.800403594970703,0.2593221664428711
1701881791899780000,3.779780029296875,-0.5359922647476196,-9.697511672973633,0.3693920075893402
1701881791909373400,3.78937353515625,-0.6631109714508057,-9.618548393249512,0.41964125633239746
1701881791918966000,3.798966064453125,-0.7277171611785889,-9.55633544921875,0.39571303129196167
1701881791928557800,3.808557861328125,-0.7588238716125488,-9.501300811767578,0.26171496510505676
1701881791938150400,3.818150390625,-0.7827520966529846,-9.530014038085938,0.10378868132829666
1701881791947743700,3.82774365234375,-0.8138588070869446,-9.608977317810059,0.03918246924877167
1701881791957336300,3.83733642578125,-0.8234301209449768,-9.726225852966309,0.05114658549427986
1701881791966928000,3.846927978515625,-0.8593224287033081,-9.829116821289062,0.1372881978750229
1701881791976520700,3.856520751953125,-0.8712865710258484,-9.924830436706543,0.24017956852912903
1701881791986114000,3.866114013671875,-0.8712865710258484,-10.032806396484375,0.3693920075893402
1701881791995706600,3.87570654296875,-0.88803631067276,-10.10698413848877,0.5129613280296326
1701881792005298200,3.885298095703125,-0.7923234105110168,-10.154840469360352,0.7956135272979736
1701881792014890800,3.894890869140625,-0.6487540602684021,-10.181160926818848,0.9272187948226929
1701881792024484400,3.904484375,-0.7229315638542175,-10.169197082519531,0.9296116232872009
1701881792034076700,3.91407666015625,-0.7564310431480408,-10.257731437683105,0.8171489238739014
1701881792043668500,3.92366845703125,-0.7492526173591614,-10.288838386535645,0.7070791125297546
1701881792053261000,3.933260986328125,-0.6774678826332092,-10.236196517944336,0.6041877269744873
1701881792062854400,3.9428544921875,-0.5694918036460876,-10.171589851379395,0.5611169338226318
1701881792072447000,3.952447021484375,-0.4833501875400543,-10.066306114196777,0.4531407952308655
1701881792082038800,3.962038818359375,-0.5048855543136597,-10.011270523071289,0.38614174723625183
1701881792091631400,3.97163134765625,-0.5623133182525635,-9.965508460998535,0.32632118463516235
1701881792101224700,3.981224609375,-0.6535396575927734,-9.93679428100586,0.3406781256198883
1701881792110817300,3.9908173828125,-0.7133602499961853,-9.865009307861328,0.3287140130996704
1701881792120409000,4.0004091796875,-0.7444669604301453,-9.776474952697754,0.32153555750846863
1701881792130001700,4.010001708984375,-0.7564310431480408,-9.728618621826172,0.34307095408439636
1701881792139595000,4.019594970703125,-0.7540382146835327,-9.685547828674316,0.376570463180542
1701881792149187600,4.0291875,-0.6846463680267334,-9.640084266662598,0.40289151668548584
1701881792158779400,4.038779296875,-0.6487540602684021,-9.553942680358887,0.498604416847229
1701881792168372000,4.0483720703125,-0.6343970894813538,-9.451051712036133,0.5659025311470032
1701881792177965300,4.05796533203125,-0.643968403339386,-9.434301376342773,0.6616154313087463
1701881792187558000,4.067557861328125,-0.6535396575927734,-9.44626522064209,0.7381857633590698
1701881792197149400,4.0771494140625,-0.6272186636924744,-9.451051712036133,0.8075776696205139
1701881792206742000,4.086741943359375,-0.5623133182525635,-9.496515274047852,0.8051848411560059
1701881792216335400,4.09633544921875,-0.5240281820297241,-9.55633544921875,0.7310073375701904
1701881792225928000,4.105927978515625,-0.4307080805301666,-9.616155624389648,0.6975077986717224
1701881792235519700,4.115519775390625,-0.28235307335853577,-9.642477035522461,0.6640082597732544
1701881792245112300,4.1251123046875,-0.0933200865983963,-9.65683364868164,0.6472585201263428
1701881792254705700,4.13470556640625,0.09122636169195175,-9.632905960083008,0.6137589812278748
1701881792264298200,4.14429833984375,0.24197418987751007,-9.592227935791016,0.5443671345710754
1701881792273890000,4.15389013671875,0.26590242981910706,-9.546764373779297,0.41485562920570374
1701881792283482600,4.163482666015625,0.3329014480113983,-9.510871887207031,0.27846473455429077
1701881792293076000,4.173075927734375,0.34725838899612427,-9.513264656066895,-0.0687936544418335
1701881792302668500,4.18266845703125,0.2228316068649292,-9.599406242370605,-0.35114672780036926
1701881792312260400,4.19226025390625,0.1701895147562027,-9.77408218383789,-0.5282155871391296
1701881792321853000,4.20185302734375,0.1414756327867508,-9.932008743286133,-0.6529414653778076
1701881792331446300,4.2114462890625,0.07926224917173386,-10.159626007080078,-0.727118968963623
1701881792341038800,4.221038818359375,0.07447660714387894,-10.386943817138672,-0.7319046258926392
1701881792350630700,4.230630615234375,-0.04546362906694412,-10.619346618652344,-0.5401797294616699
1701881792360223200,4.24022314453125,-0.11485548317432404,-10.77966594696045,-0.23629122972488403
1701881792369816600,4.249816650390625,-0.04546362906694412,-10.839486122131348,-0.049651071429252625
1701881792379409000,4.259408935546875,0.12233305722475052,-10.750951766967773,0.043968115001916885
1701881792389000700,4.269000732421875,0.35443684458732605,-10.559526443481445,0.1540379524230957
1701881792398593300,4.27859326171875,0.5246263742446899,-10.248160362243652,0.24496522545814514
1701881792408186600,4.2881865234375,0.6873382925987244,-9.88415241241455,0.22582264244556427
1701881792417779200,4.297779296875,0.9529415965080261,-9.503693580627441,0.10618150234222412
1701881792427371000,4.30737109375,1.1685947179794312,-9.101400375366211,-0.11904292553663254
1701881792436963600,4.316963623046875,1.2499507665634155,-8.770891189575195,-0.32721850275993347
1701881792446557000,4.326556884765625,1.5035899877548218,-8.522037506103516,-0.4995017349720001
1701881792456149500,4.3361494140625,1.4868401288986206,-8.313861846923828,-0.6816553473472595
1701881792465741300,4.3457412109375,1.474876046180725,-7.93071174621582,-1.1003992557525635
1701881792475334000,4.355333984375,0.9864411354064941,-7.734499931335449,-1.459621787071228
1701881792484927200,4.36492724609375,0.11036894470453262,-8.205885887145996,-0.9185447692871094
1701881792494519800,4.374519775390625,-0.31345975399017334,-8.58903694152832,-1.1434701681137085
1701881792504111600,4.384111572265625,0.06251249462366104,-8.869296073913574,-1.038185954093933
1701881792513704200,4.3937041015625,-0.11964113265275955,-9.37896728515625,-0.6481558084487915
1701881792523297500,4.403297607421875,-0.34217363595962524,-9.742975234985352,-0.5521438121795654
1701881792532890000,4.41289013671875,-0.5814558863639832,-9.429515838623047,-0.5784648656845093
1701881792542481700,4.422481689453125,-0.2392822653055191,-9.486943244934082,-0.38225340843200684
1701881792552074500,4.432074462890625,-0.28235307335853577,-9.683155059814453,-0.07357929646968842
1701881792561667800,4.441667724609375,-0.3326023519039154,-10.016056060791016,0.393320232629776
1701881792571260200,4.45126025390625,-0.48813581466674805,-10.071091651916504,0.5057829022407532
1701881792580852000,4.46085205078125,-0.30628129839897156,-9.874580383300781,0.6065805554389954
1701881792590444500,4.470444580078125,-0.0933200865983963,-9.297611236572266,0.6592226624488831
1701881792600038000,4.480037841796875,-0.4426721930503845,-8.70628547668457,0.6113662123680115
1701881792609630500,4.48963037109375,-0.5647061467170715,-8.366504669189453,0.6352944374084473
1701881792619222300,4.49922216796875,-0.4570291340351105,-8.174779891967773,0.7381857633590698
1701881792628814800,4.50881494140625,-0.7061817646026611,-7.913961887359619,0.7310073375701904
1701881792638408200,4.518408203125,-0.8138588070869446,-7.966603755950928,0.8147560954093933
1701881792648000800,4.528000732421875,-0.7157530784606934,-8.16281509399414,0.8123632669448853
1701881792657592600,4.537592529296875,-0.7109674215316772,-8.390432357788086,0.8171489238739014
1701881792667185200,4.54718505859375,-0.2153540402650833,-9.211469650268555,0.7166503667831421
1701881792676778500,4.556778564453125,0.029012974351644516,-9.640084266662598,0.6496513485908508
1701881792686371000,4.56637109375,-0.30628129839897156,-9.987342834472656,0.3000001311302185
1701881792695963000,4.575962890625,-0.380458801984787,-10.006484985351562,-0.047258246690034866
1701881792705555500,4.585555419921875,-1.225723385810852,-9.89850902557373,-0.1860419660806656
1701881792715148800,4.595148681640625,-1.0914262533187866,-9.69511890411377,0.4339981973171234
1701881792724741400,4.604741455078125,-1.7114664316177368,-8.6033935546875,0.8865407705307007
1701881792734333000,4.6143330078125,-2.0802602767944336,-8.577073097229004,1.2337992191314697
1701881792743925800,4.62392578125,-2.2357935905456543,-8.806783676147461,1.1955139636993408
1701881792753518800,4.633518798828125,-1.922333836555481,-8.725427627563477,0.9942178130149841
1701881792763111400,4.643111328125,-1.7596219778060913,-8.691927909851074,0.4459623098373413
1701881792772703200,4.652703125,-1.800299882888794,-9.297611236572266,-0.054436713457107544
1701881792782295800,4.6622958984375,-1.3836497068405151,-9.903294563293457,0.10378868132829666
1701881792791889200,4.67188916015625,-1.4434702396392822,-10.559526443481445,0.4172484576702118
1701881792801481700,4.681481689453125,-1.6923238039016724,-10.169197082519531,0.9128618240356445
1701881792811073500,4.691073486328125,-1.6396816968917847,-10.303194999694824,1.3965110778808594
1701881792820666000,4.700666015625,-0.8042874932289124,-10.710273742675781,1.9399809837341309
1701881792830259500,4.710259521484375,-0.88803631067276,-10.382158279418945,1.810768485069275
1701881792839852000,4.71985205078125,-0.9933205246925354,-9.850652694702148,1.7629120349884033
1701881792849443600,4.729443603515625,-1.812264084815979,-9.091828346252441,1.3725829124450684
1701881792859036400,4.739036376953125,-2.4011974334716797,-8.926724433898926,1.0013962984085083
1701881792868629800,4.748629638671875,-2.750549554824829,-9.369396209716797,0.7692924737930298
1701881792878222300,4.758222412109375,-2.8776683807373047,-9.762118339538574,1.0037890672683716
1701881792887814000,4.76781396484375,-3.2940194606781006,-10.334301948547363,0.5611169338226318
1701881792897406500,4.777406494140625,-2.8824539184570312,-10.497014045715332,1.2146565914154053
1701881792906999800,4.786999755859375,-3.1600213050842285,-10.681560516357422,1.2840484380722046
1701881792916592400,4.79659228515625,-3.624528169631958,-11.380563735961914,1.449153184890747
1701881792926184200,4.80618408203125,-3.8015968799591064,-11.67996597290039,2.0691933631896973
1701881792935776800,4.81577685546875,-4.2230329513549805,-12.26650619506836,2.4284157752990723
1701881792945370000,4.8253701171875,-4.689932346343994,-13.137792587280273,2.799602508544922
1701881792954962700,4.834962646484375,-5.082355499267578,-13.939986228942871,3.1417760848999023
1701881792964554500,4.844554443359375,-4.9986066818237305,-14.318052291870117,3.6996028423309326
1701881792974147000,4.85414697265625,-3.914059638977051,-14.09552001953125,4.238286972045898
1701881792983740400,4.863740478515625,-3.0092735290527344,-13.360624313354492,4.513761043548584
1701881792993333000,4.8733330078125,-3.5958142280578613,-12.0604248046875,4.654937267303467
1701881793002924800,4.8829248046875,-3.82791805267334,-11.308778762817383,4.211966037750244
1701881793012517400,4.892517333984375,-3.7082769870758057,-10.619346618652344,3.5823545455932617
1701881793022110700,4.90211083984375,-3.751347780227661,-10.030413627624512,3.364607810974121
1701881793031703300,4.911703369140625,-3.8255252838134766,-9.393324851989746,3.3981072902679443
1701881793041294800,4.921294921875,-3.9260237216949463,-8.806783676147461,3.402892827987671
1701881793050887400,4.930887451171875,-4.098606109619141,-8.423932075500488,3.340679407119751
1701881793060480800,4.940480712890625,-4.127319812774658,-8.129315376281738,3.357429265975952
1701881793070073300,4.9500732421875,-4.132105827331543,-7.88285493850708,3.481856107711792
1701881793079665200,4.9596650390625,-4.225425720214844,-7.918747425079346,3.9774694442749023
1701881793089257700,4.9692578125,-4.057928085327148,-7.509275436401367,3.6134612560272217
1701881793098851000,4.97885107421875,-4.148855209350586,-7.415955543518066,3.790530204772949
1701881793108443600,4.988443603515625,-4.261318206787109,-7.320242881774902,3.8623149394989014
1701881793118035500,4.998035400390625,-4.474279403686523,-7.2197442054748535,4.324428558349609
1701881793127628000,5.0076279296875,-4.7401814460754395,-7.399205684661865,4.619044780731201
1701881793137221400,5.017221435546875,-4.993820667266846,-7.571488857269287,4.714757919311523
1701881793146814000,5.02681396484375,-5.12811803817749,-7.578667640686035,4.736293315887451
1701881793156405800,5.03640576171875,-5.4056854248046875,-7.423133850097656,4.805685043334961
1701881793165998300,5.045998291015625,-5.618646621704102,-7.360920429229736,4.6046881675720215
1701881793175591700,5.055591796875,-5.803193092346191,-7.1285176277160645,4.485046863555908
1701881793185184000,5.06518408203125,-6.21266508102417,-6.673881530761719,4.542474746704102
1701881793194775800,5.07477587890625,-6.614659309387207,-6.283552169799805,4.616652011871338
1701881793204368400,5.084368408203125,-7.012166976928711,-6.043971061706543,4.693222522735596
1701881793213962200,5.093962158203125,-7.28255558013916,-5.845366477966309,4.7697930335998535
1701881793223554300,5.10355419921875,-7.560422420501709,-5.833402633666992,4.839184761047363
1701881793233145900,5.113145751953125,-7.4240312576293945,-5.766403675079346,4.791328430175781
1701881793242738400,5.122738525390625,-6.973881721496582,-5.563013553619385,4.690829753875732
1701881793252331800,5.132331787109375,-6.380162239074707,-5.289932727813721,4.235894203186035
1701881793261924400,5.14192431640625,-6.03529691696167,-5.124827861785889,3.996612071990967
1701881793271516200,5.15151611328125,-5.860620975494385,-5.014758110046387,3.9320058822631836
1701881793281108700,5.161108642578125,-5.97308349609375,-5.012365341186523,4.037290096282959
1701881793290702000,5.1707021484375,-6.186044692993164,-5.07936429977417,4.281357765197754
1701881793300294700,5.180294677734375,-6.435197353363037,-5.08654260635376,4.662116050720215
1701881793309886500,5.189886474609375,-6.593123912811279,-5.096114158630371,4.910969257354736
1701881793319479000,5.19947900390625,-6.550053119659424,-5.165505886077881,5.138586521148682
1701881793329072400,5.209072265625,-6.466304302215576,-5.239683151245117,5.24626350402832
1701881793338665000,5.2186650390625,-6.327520370483398,-5.333003520965576,5.325226783752441
1701881793348256500,5.228256591796875,-6.250949859619141,-5.404788017272949,5.413761138916016
1701881793357849000,5.23784912109375,-6.1334028244018555,-5.522335529327393,5.4041900634765625
1701881793367442400,5.2474423828125,-6.020939826965332,-5.641976833343506,5.399404525756836
1701881793377035000,5.257034912109375,-5.819942951202393,-5.780760288238525,5.303691387176514
1701881793386626800,5.266626708984375,-5.592325687408447,-5.914758682250977,5.203192710876465
1701881793396219400,5.276219482421875,-5.396114349365234,-6.063412666320801,5.0979084968566895
1701881793405812700,5.285812744140625,-5.2716875076293945,-6.187839508056641,5.026124000549316
1701881793415405300,5.2954052734375,-5.233402252197266,-6.271588325500488,4.930111885070801
1701881793424997000,5.3049970703125,-5.281258583068848,-6.376872539520264,4.827220439910889
1701881793434589700,5.314589599609375,-5.415256977081299,-6.496513366699219,4.800899505615234
1701881793444183000,5.32418310546875,-5.510969638824463,-6.534798622131348,4.432105541229248
1701881793453775600,5.333775634765625,-5.712265968322754,-6.7193450927734375,5.193621635437012
1701881793463367200,5.3433671875,-5.702694416046143,-6.721737861633301,4.930111885070801
1701881793472960000,5.3529599609375,-5.7409796714782715,-6.58265495300293,4.78175687789917
1701881793482553000,5.362552978515625,-5.752943992614746,-6.427121639251709,4.7865424156188965
1701881793492145700,5.372145751953125,-5.6931233406066895,-6.2500529289245605,4.729115009307861
1701881793501737500,5.381737548828125,-5.810371398925781,-6.089733600616455,4.772185802459717
1701881793511330000,5.391330078125,-5.877370834350586,-5.933900833129883,4.7937211990356445
1701881793520923400,5.40092333984375,-5.958726406097412,-5.809474468231201,4.877470016479492
1701881793530516000,5.410515869140625,-6.049654006958008,-5.699404239654541,5.050052165985107
1701881793540107800,5.420107666015625,-6.095117568969727,-5.651547908782959,5.155336380004883
1701881793549700400,5.429700439453125,-6.044867992401123,-5.646762371063232,5.265406131744385
1701881793559293700,5.439293701171875,-5.932405471801758,-5.630012512207031,5.339583873748779
1701881793568886300,5.44888623046875,-5.760122299194336,-5.582156181335449,5.30129861831665
1701881793578478000,5.45847802734375,-5.709873199462891,-5.519942760467529,5.296513080596924
1701881793588070700,5.468070556640625,-5.688337802886963,-5.491229057312012,5.282155990600586
1701881793597664000,5.4776640625,-5.776872158050537,-5.481358528137207,5.24626350402832
1701881793607256300,5.48725634765625,-5.963512420654297,-5.491229057312012,5.248656272888184
1701881793616848100,5.49684814453125,-6.267699718475342,-5.486144065856934,5.437689304351807
1701881793626440700,5.506440673828125,-6.332305908203125,-5.615655422210693,5.210371494293213
1701881793636034000,5.516033935546875,-6.174080848693848,-5.7496538162231445,4.482654094696045
1701881793645626600,5.525626708984375,-6.609873294830322,-6.087340831756592,5.79691219329834
1701881793655218400,5.535218505859375,-6.341877460479736,-6.087340831756592,5.3347978591918945
1701881793664811000,5.54481103515625,-6.3514485359191895,-5.948257923126221,5.198407173156738
1701881793674404400,5.554404296875,-6.2413787841796875,-5.886044502258301,5.102694511413574
1701881793683997000,5.563996826171875,-6.061617851257324,-5.86211633682251,4.994718074798584
1701881793693588700,5.573588623046875,-5.958726406097412,-5.864509105682373,4.8559346199035645
1701881793703181300,5.583181396484375,-5.91087007522583,-5.86211633682251,4.84397029876709
1701881793712774700,5.592774658203125,-5.937191009521484,-5.85493803024292,4.647758960723877
1701881793722367200,5.6023671875,-5.925227165222168,-5.876473426818848,4.760221481323242
1701881793731958800,5.611958740234375,-5.989833354949951,-5.876473426818848,4.925326347351074
1701881793741551400,5.62155126953125,-6.049654006958008,-5.871687889099121,4.90618371963501
1701881793751144700,5.631144775390625,-6.116652965545654,-5.874080657958984,4.89900541305542
1701881793760737300,5.6407373046875,-6.075974941253662,-5.890830039978027,5.057230472564697
1701881793770329000,5.6503291015625,-6.291627883911133,-5.826223850250244,4.96121883392334
1701881793779921700,5.659921630859375,-6.542874336242676,-5.443073272705078,5.320441246032715
1701881793789515000,5.669514892578125,-6.3442702293396,-5.6324052810668945,4.755435943603516
1701881793799107600,5.679107666015625,-6.272485256195068,-5.866901874542236,4.626223564147949
1701881793808699400,5.688699462890625,-6.279664039611816,-5.890830039978027,4.7386860847473145
1701881793818292000,5.6982919921875,-6.2413787841796875,-5.8357954025268555,4.815256595611572
1701881793827885300,5.70788525390625,-6.142973899841309,-5.780760288238525,4.7626142501831055
1701881793837478000,5.717477783203125,-6.119045734405518,-5.764010429382324,4.760221481323242
1701881793847069400,5.7270693359375,-6.095117568969727,-5.823831081390381,4.832006454467773
1701881793856662000,5.736662109375,-6.080760478973389,-5.79990291595459,5.016552448272705
1701881793866255400,5.74625537109375,-6.2051873207092285,-5.663512229919434,5.102694511413574
1701881793875848000,5.755847900390625,-6.291627883911133,-5.59890604019165,5.186442852020264
1701881793885439700,5.765439697265625,-6.432804584503174,-5.493621826171875,5.320441246032715
1701881793895032300,5.7750322265625,-6.497410774230957,-5.3353962898254395,5.416153907775879
1701881793904625700,5.784625732421875,-6.511767864227295,-5.194219589233398,5.542973518371582
1701881793914218200,5.79421826171875,-6.528517246246338,-4.940580368041992,5.559723377227783
1701881793923810000,5.80381005859375,-6.497410774230957,-4.77756929397583,5.61027193069458
1701881793933402600,5.813402587890625,-6.4304118156433105,-4.624428749084473,5.588736534118652
1701881793942996000,5.822995849609375,-6.392126560211182,-4.576572418212891,5.586343765258789
1701881793952588500,5.832588623046875,-6.2653069496154785,-4.610072135925293,5.511867046356201
1701881793962180000,5.84218017578125,-6.200401782989502,-4.540679931640625,5.521438121795654
1701881793971772700,5.851772705078125,-6.308377742767334,-4.578965187072754,5.509474277496338
1701881793981366000,5.861365966796875,-6.380162239074707,-4.624428749084473,5.531009674072266
1701881793990958600,5.87095849609375,-6.578766822814941,-4.741677284240723,5.55733060836792
1701881794000550400,5.88055029296875,-6.629015922546387,-4.803890705108643,5.542973518371582
1701881794010143000,5.89014306640625,-6.597909450531006,-4.806283473968506,5.437689304351807
1701881794019736300,5.899736328125,-6.432804584503174,-4.981258392333984,5.413761138916016
1701881794029329000,5.909328857421875,-6.337091445922852,-5.172684192657471,5.394618511199951
1701881794038920700,5.918920654296875,-6.190830230712891,-5.311468124389648,5.2941203117370605
1701881794048513300,5.92851318359375,-6.114260196685791,-5.380859851837158,5.169693470001221
1701881794058106600,5.938106689453125,-6.145366668701172,-5.337789058685303,5.026124000549316
1701881794067699200,5.94769921875,-6.188437461853027,-5.368896007537842,4.920540809631348
1701881794077290800,5.957290771484375,-6.298806667327881,-5.32821798324585,4.757828712463379
1701881794086883600,5.966883544921875,-6.411269187927246,-5.333003520965576,4.798506736755371
1701881794096477000,5.976476806640625,-6.495018005371094,-5.2731828689575195,4.891826629638672
1701881794106069200,5.9860693359375,-6.770192623138428,-5.172684192657471,4.977968215942383
1701881794115661000,5.9956611328125,-6.550053119659424,-5.0602216720581055,5.157729148864746
1701881794125253600,6.005253662109375,-6.533303260803223,-4.945366382598877,5.2630133628845215
1701881794134847000,6.014846923828125,-6.633801460266113,-4.811069011688232,5.394618511199951
1701881794144439600,6.024439453125,-6.61705207824707,-4.873282432556152,5.593522071838379
1701881794154031400,6.03403125,-6.600302219390869,-4.82542610168457,5.6222357749938965
1701881794163624000,6.0436240234375,-6.559624195098877,-4.806283473968506,5.571687698364258
1701881794173217300,6.05321728515625,-6.521338939666748,-4.806283473968506,5.516652584075928
1701881794182809900,6.062809814453125,-6.456732749938965,-4.844568729400635,5.4759745597839355
1701881794192401400,6.0724013671875,-6.401698112487793,-4.911567687988281,5.423332691192627
1701881794201994000,6.081993896484375,-6.154938220977783,-4.734498500823975,5.174479007720947
1701881794211587300,6.09158740234375,-6.2413787841796875,-5.227719306945801,5.519045352935791
1701881794221180000,6.101179931640625,-6.215057849884033,-5.368896007537842,5.554937839508057
1701881794230771700,6.110771728515625,-6.236593246459961,-5.4071807861328125,5.5142598152160645
1701881794240364300,6.1203642578125,-6.202794551849365,-5.3353962898254395,5.382654666900635
1701881794249957600,6.12995751953125,-6.246164321899414,-5.213362216949463,5.279763221740723
1701881794259550200,6.13955029296875,-6.2892351150512695,-5.151148796081543,5.186442852020264
1701881794269142000,6.14914208984375,-6.394519329071045,-5.002793788909912,5.1050872802734375
1701881794278734600,6.158734619140625,-6.4375901222229,-4.911567687988281,5.026124000549316
1701881794288328000,6.168327880859375,-6.485446453094482,-4.906782150268555,4.982754230499268
1701881794297920500,6.17792041015625,-6.5644097328186035,-4.854139804840088,4.954040050506592
1701881794307512000,6.187511962890625,-6.597909450531006,-4.837389945983887,4.9277191162109375
1701881794317105000,6.19710498046875,-6.629015922546387,-4.8828535079956055,4.946861743927002
1701881794326698000,6.206697998046875,-6.684051036834717,-4.918745994567871,4.989932537078857
1701881794336290600,6.21629052734375,-6.672086715698242,-4.95493745803833,5.006682395935059
1701881794345882400,6.22588232421875,-6.662515640258789,-4.9980082511901855,5.001896858215332
1701881794355475000,6.235474853515625,-6.6816582679748535,-5.038686275482178,5.040481090545654
1701881794365068300,6.245068359375,-6.734300136566162,-5.07218599319458,5.1050872802734375
1701881794374660900,6.254660888671875,-6.710371971130371,-5.093721389770508,5.143372058868408
1701881794384252700,6.264252685546875,-6.736692905426025,-5.07936429977417,5.193621635437012
1701881794393845200,6.27384521484375,-6.67926549911499,-5.062614440917969,5.222335338592529
1701881794403438600,6.2834384765625,-6.629015922546387,-5.041079044342041,5.234299659729004
1701881794413031200,6.29303125,-6.56201696395874,-5.014758110046387,5.241477966308594
1701881794422623000,6.302623046875,-6.50698184967041,-5.000401020050049,5.219942569732666
1701881794432215600,6.312215576171875,-6.490232467651367,-5.007579803466797,5.181657314300537
1701881794441809000,6.321808837890625,-6.490232467651367,-5.014758110046387,5.140979290008545
1701881794451401200,6.331401123046875,-6.495018005371094,-5.029115200042725,5.107480049133301
1701881794460993000,6.340992919921875,-6.509375095367432,-5.041079044342041,5.0979084968566895
1701881794470585600,6.350585693359375,-6.533303260803223,-5.0602216720581055,5.102694511413574
1701881794480179000,6.360178955078125,-6.55483865737915,-5.067399978637695,5.117051124572754
1701881794489771500,6.369771484375,-6.557231426239014,-5.07936429977417,5.148158073425293
1701881794499363300,6.37936328125,-6.530910491943359,-5.069792747497559,5.164907455444336
1701881794508956000,6.388955810546875,-6.495018005371094,-5.093721389770508,5.162514686584473
1701881794518549200,6.39854931640625,-6.432804584503174,-5.1080780029296875,5.172086238861084
1701881794528141800,6.408141845703125,-6.384948253631592,-5.124827861785889,5.1768717765808105
1701881794537733400,6.4177333984375,-6.377769470214844,-5.1343994140625,5.172086238861084
1701881794547326000,6.427325927734375,-6.372983932495117,-5.146363258361816,5.179264545440674
1701881794556919300,6.436919189453125,-6.394519329071045,-5.146363258361816,5.196014404296875
1701881794566511900,6.446511962890625,-6.411269187927246,-5.129613399505615,5.210371494293213
1701881794576103700,6.456103759765625,-6.456732749938965,-5.096114158630371,5.217549800872803
1701881794585696300,6.4656962890625,-6.483053684234619,-5.096114158630371,5.222335338592529
1701881794595289600,6.47528955078125,-6.502196311950684,-5.081757068634033,5.241477966308594
1701881794604882200,6.484882080078125,-6.514160633087158,-5.0602216720581055,5.251049518585205
1701881794614474000,6.494473876953125,-6.5165534019470215,-5.0602216720581055,5.260620594024658
1701881794624066600,6.504066650390625,-6.545267105102539,-5.065007209777832,5.2630133628845215
1701881794633660000,6.513659912109375,-6.571588516235352,-5.053043365478516,5.277370452880859
1701881794643252500,6.52325244140625,-6.578766822814941,-5.048257350921631,5.3108696937561035
1701881794652844000,6.532843994140625,-6.56201696395874,-5.038686275482178,5.322834014892578
1701881794662436600,6.5424365234375,-6.523731708526611,-5.038686275482178,5.3347978591918945
1701881794672030200,6.5520302734375,-6.4686970710754395,-5.043471813201904,5.358726501464844
1701881794681622500,6.56162255859375,-6.428019046783447,-5.050650596618652,5.36351203918457
1701881794691214300,6.57121435546875,-6.380162239074707,-5.055436134338379,5.358726501464844
1701881794700807000,6.580806884765625,-6.356234073638916,-5.045864582061768,5.349154949188232
1701881794710400300,6.590400146484375,-6.361020088195801,-5.055436134338379,5.332405090332031
1701881794719992800,6.599992919921875,-6.368198394775391,-5.053043365478516,5.2941203117370605
1701881794729584600,6.609584716796875,-6.392126560211182,-5.041079044342041,5.267798900604248
1701881794739177200,6.61917724609375,-6.420840263366699,-5.031507968902588,5.2390851974487305
1701881794748770600,6.6287705078125,-6.444768905639648,-5.048257350921631,5.222335338592529
1701881794758363100,6.638363037109375,-6.463911056518555,-5.050650596618652,5.205585479736328
1701881794767954700,6.64795458984375,-6.4686970710754395,-5.062614440917969,5.203192710876465
1701881794777547300,6.65754736328125,-6.478268146514893,-5.050650596618652,5.167300701141357
1701881794787140600,6.667140625,-6.483053684234619,-5.053043365478516,5.160121917724609
1701881794796733200,6.676733154296875,-6.504589080810547,-5.057828903198242,5.155336380004883
1701881794806325000,6.686324951171875,-6.502196311950684,-5.07936429977417,5.157729148864746
1701881794815917600,6.69591748046875,-6.511767864227295,-5.081757068634033,5.155336380004883
1701881794825511000,6.705510986328125,-6.521338939666748,-5.0841498374938965,5.172086238861084
1701881794835103500,6.715103515625,-6.504589080810547,-5.069792747497559,5.169693470001221
1701881794844695300,6.7246953125,-6.497410774230957,-5.048257350921631,5.191228866577148
1701881794854288000,6.734287841796875,-6.514160633087158,-5.007579803466797,5.157729148864746
1701881794863881200,6.743881103515625,-6.50698184967041,-5.055436134338379,5.1768717765808105
1701881794873473800,6.753473876953125,-6.528517246246338,-4.966901779174805,5.095515727996826
1701881794883065300,6.7630654296875,-6.547659873962402,-5.050650596618652,5.112265586853027
1701881794892658000,6.772657958984375,-6.518946170806885,-5.105685234069824,5.102694511413574
1701881794902251300,6.782251220703125,-6.511767864227295,-5.1343994140625,5.0811591148376465
1701881794911843800,6.79184375,-6.483053684234619,-5.167898654937744,5.0907301902771
1701881794921435600,6.801435546875,-6.471089839935303,-5.220541000366211,5.100301265716553
1701881794931028200,6.8110283203125,-6.475875377655029,-5.237290382385254,5.124229907989502
1701881794940621600,6.82062158203125,-6.473482608795166,-5.208576679229736,5.0979084968566895
1701881794950214100,6.830214111328125,-6.485446453094482,-5.170291423797607,5.078765869140625
1701881794959805700,6.8398056640625,-6.490232467651367,-5.151148796081543,5.064409255981445
1701881794969398500,6.8493984375,-6.502196311950684,-5.120042324066162,5.057230472564697
1701881794978991900,6.858991943359375,-6.535696029663086,-5.1080780029296875,5.054837703704834
1701881794988584200,6.868584228515625,-6.557231426239014,-5.100899696350098,5.066802024841309
1701881794998176000,6.878176025390625,-6.550053119659424,-5.112864017486572,5.102694511413574
1701881795007768600,6.8877685546875,-6.535696029663086,-5.105685234069824,5.107480049133301
1701881795017362000,6.89736181640625,-6.514160633087158,-5.105685234069824,5.112265586853027
1701881795026954500,6.90695458984375,-6.514160633087158,-5.103292465209961,5.109872817993164
1701881795036546300,6.91654638671875,-6.5404815673828125,-5.088935375213623,5.093122959136963
1701881795046139000,6.926138916015625,-6.566802501678467,-5.105685234069824,5.069194793701172
1701881795055732200,6.935732177734375,-6.595516681671143,-5.120042324066162,5.062016487121582
1701881795065324800,6.94532470703125,-6.626623153686523,-5.1320061683654785,5.047659397125244
1701881795074916600,6.95491650390625,-6.636194705963135,-5.122435092926025,5.050052165985107
1701881795084509200,6.96450927734375,-6.652944087982178,-5.124827861785889,5.062016487121582
1701881795094102500,6.9741025390625,-6.669693946838379,-5.1152567863464355,5.076373100280762
1701881795103695000,6.983695068359375,-6.660122871398926,-5.117649555206299,5.08355188369751
1701881795113286700,6.99328662109375,-6.629015922546387,-5.096114158630371,5.059623718261719
1701881795122879200,7.002879150390625,-6.600302219390869,-5.096114158630371,5.071587562561035
1701881795132472600,7.01247265625,-6.566802501678467,-5.105685234069824,5.076373100280762
1701881795142065200,7.022065185546875,-6.447161674499512,-5.151148796081543,5.062016487121582
1701881795151657000,7.031656982421875,-6.454339981079102,-5.165505886077881,5.0907301902771
1701881795161249500,7.04124951171875,-6.502196311950684,-5.163113117218018,5.059623718261719
1701881795170843000,7.0508427734375,-6.451947212219238,-5.2109694480896,5.045266628265381
1701881795180435500,7.060435546875,-6.456732749938965,-5.220541000366211,5.016552448272705
1701881795190027000,7.070027099609375,-6.497410774230957,-5.2492547035217285,5.026124000549316
1701881795199619800,7.079619873046875,-6.511767864227295,-5.256433010101318,5.038087844848633
1701881795209213200,7.089213134765625,-6.55483865737915,-5.242076396942139,5.054837703704834
1701881795218805500,7.098805419921875,-6.566802501678467,-5.2013983726501465,5.08355188369751
1701881795228397300,7.108397216796875,-6.593123912811279,-5.167898654937744,5.124229907989502
1701881795237990000,7.117989990234375,-6.593123912811279,-5.124827861785889,5.148158073425293
1701881795247583200,7.127583251953125,-6.5883378982543945,-5.098506927490234,5.188836097717285
1701881795257175800,7.13717578125,-6.542874336242676,-5.076971530914307,5.210371494293213
1701881795266767600,7.146767578125,-6.511767864227295,-5.074578762054443,5.241477966308594
1701881795276360200,7.156360107421875,-6.483053684234619,-5.067399978637695,5.265406131744385
1701881795285953500,7.16595361328125,-6.459125518798828,-5.067399978637695,5.270191669464111
1701881795295545900,7.1755458984375,-6.447161674499512,-5.0841498374938965,5.267798900604248
1701881795305137700,7.1851376953125,-6.432804584503174,-5.081757068634033,5.2390851974487305
1701881795314730200,7.194730224609375,-6.428019046783447,-5.096114158630371,5.212764263153076
1701881795324323600,7.204323486328125,-6.4375901222229,-5.136792182922363,5.162514686584473
1701881795333916200,7.213916259765625,-6.444768905639648,-5.187041282653809,5.167300701141357
1701881795343508000,7.223508056640625,-6.451947212219238,-5.182255744934082,5.138586521148682
1701881795353100500,7.2331005859375,-6.4686970710754395,-5.153541564941406,5.0907301902771
1701881795362694000,7.24269384765625,-6.487839698791504,-5.151148796081543,5.0811591148376465
1701881795372286500,7.252286376953125,-6.490232467651367,-5.165505886077881,5.088337421417236
1701881795381878300,7.261878173828125,-6.495018005371094,-5.14875602722168,5.093122959136963
1701881795391470600,7.271470703125,-6.502196311950684,-5.1343994140625,5.112265586853027
1701881795401064000,7.28106396484375,-6.502196311950684,-5.143970489501953,5.102694511413574
1701881795410656500,7.290656494140625,-6.473482608795166,-5.143970489501953,5.1290154457092285
1701881795420248300,7.300248291015625,-6.490232467651367,-5.172684192657471,5.1218366622924805
1701881795429841000,7.3098408203125,-6.50698184967041,-5.184648513793945,5.1529436111450195
1701881795439434200,7.319434326171875,-6.504589080810547,-5.196612358093262,5.169693470001221
1701881795449026800,7.32902685546875,-6.509375095367432,-5.206183910369873,5.157729148864746
1701881795458618600,7.33861865234375,-6.5165534019470215,-5.2013983726501465,5.167300701141357
1701881795468211200,7.348211181640625,-6.442375659942627,-5.270790100097656,5.2151570320129395
1701881795477804500,7.357804443359375,-6.535696029663086,-5.246861934661865,5.179264545440674
1701881795487397000,7.367397216796875,-6.4686970710754395,-5.246861934661865,5.169693470001221
1701881795496988700,7.37698876953125,-6.528517246246338,-5.213362216949463,5.191228866577148
1701881795506581200,7.386581298828125,-6.56201696395874,-5.2181477546691895,5.188836097717285
1701881795516174600,7.396174560546875,-6.645765781402588,-5.196612358093262,5.327619552612305
1701881795525767200,7.40576708984375,-6.80159854888916,-5.091328144073486,5.423332691192627
1701881795535359000,7.41535888671875,-6.676872253417969,-5.045864582061768,5.279763221740723
1701881795544951600,7.42495166015625,-6.667301177978516,-4.959722995758057,5.318048477172852
1701881795554545000,7.434544921875,-6.669693946838379,-4.964509010314941,5.3108696937561035
1701881795564137500,7.444137451171875,-6.55483865737915,-4.971687316894531,5.255835056304932
1701881795573729300,7.453729248046875,-6.664908409118652,-5.038686275482178,5.155336380004883
1701881795583321900,7.46332177734375,-6.329913139343262,-5.242076396942139,5.394618511199951
1701881795592915200,7.472915283203125,-6.0400824546813965,-5.103292465209961,5.038087844848633
1701881795602507500,7.482507568359375,-6.128616809844971,-5.098506927490234,5.009075164794922
1701881795612099300,7.492099365234375,-5.997011661529541,-5.139184951782227,5.085944652557373
1701881795621692000,7.50169189453125,-5.961119174957275,-5.2109694480896,5.119443893432617
1701881795631285200,7.51128515625,-6.195616245269775,-5.333003520965576,5.162514686584473
1701881795640877800,7.5208779296875,-6.4926252365112305,-5.3904314041137695,5.1768717765808105
1701881795650469600,7.5304697265625,-6.475875377655029,-5.32821798324585,5.265406131744385
1701881795660062200,7.540062255859375,-6.459125518798828,-5.478965759277344,5.420939922332764
1701881795669655600,7.549655517578125,-6.250949859619141,-5.309075355529785,5.4759745597839355
1701881795679248100,7.559248046875,-6.260521411895752,-5.206183910369873,5.330012321472168
1701881795688839700,7.568839599609375,-6.451947212219238,-5.14157772064209,5.30129861831665
1701881795698432300,7.578432373046875,-6.150152206420898,-5.105685234069824,5.423332691192627
1701881795708025600,7.588025634765625,-6.121438503265381,-5.019543647766113,5.332405090332031
1701881795717618200,7.5976181640625,-6.176473617553711,-5.01715087890625,5.344369411468506
1701881795727210000,7.6072099609375,-6.183651924133301,-5.038686275482178,5.377869129180908
1701881795736802600,7.616802490234375,-6.15254545211792,-5.093721389770508,5.4041900634765625
1701881795746396000,7.62639599609375,-6.188437461853027,-5.103292465209961,5.43290376663208
1701881795755988500,7.635988525390625,-6.186044692993164,-5.151148796081543,5.444868087768555
1701881795765580000,7.645580078125,-6.198009014129639,-5.2181477546691895,5.44008207321167
1701881795775172900,7.6551728515625,-6.195616245269775,-5.244469165802002,5.447260856628418
1701881795784766000,7.664765869140625,-6.2051873207092285,-5.256433010101318,5.4520463943481445
1701881795794358500,7.674358642578125,-6.178866386413574,-5.2971110343933105,5.473581790924072
1701881795803950300,7.683950439453125,-6.22702169418335,-5.268397331237793,5.497509956359863
1701881795813543000,7.69354296875,-6.2174506187438965,-5.234897613525391,5.521438121795654
1701881795823136300,7.70313623046875,-6.164509296417236,-5.277968406677246,5.559723377227783
1701881795832728800,7.712728759765625,-6.147759437561035,-5.2253265380859375,5.5692949295043945
1701881795842320600,7.722320556640625,-6.140581130981445,-5.167898654937744,5.581557750701904
1701881795851913200,7.731913330078125,-6.1334028244018555,-5.129613399505615,5.581557750701904
1701881795861506600,7.741506591796875,-6.116652965545654,-5.08654260635376,5.566901683807373
1701881795871099100,7.75109912109375,-6.114260196685791,-5.105685234069824,5.566901683807373
1701881795880690700,7.760690673828125,-6.128616809844971,-5.120042324066162,5.552545070648193
1701881795890283300,7.770283203125,-6.154938220977783,-5.1152567863464355,5.535795211791992
1701881795899876600,7.779876708984375,-6.169294834136963,-5.120042324066162,5.497509956359863
1701881795909469200,7.78946923828125,-6.186044692993164,-5.160720348358154,5.480760097503662
1701881795919061000,7.79906103515625,-6.190830230712891,-5.184648513793945,5.454439163208008
1701881795928653600,7.808653564453125,-6.229414463043213,-5.172684192657471,5.416153907775879
1701881795938247000,7.818246826171875,-6.250949859619141,-5.182255744934082,5.387440204620361
1701881795947839500,7.827839599609375,-6.255735874176025,-5.179862976074219,5.341976642608643
1701881795957431300,7.837431396484375,-6.246164321899414,-5.187041282653809,5.315655708312988
1701881795967023900,7.84702392578125,-6.224628925323486,-5.189434051513672,5.296513080596924
1701881795976617000,7.856616943359375,-6.188437461853027,-5.1774702072143555,5.258227825164795
1701881795986209500,7.86620947265625,-6.135795593261719,-5.191826820373535,5.267798900604248
1701881795995801300,7.87580126953125,-6.095117568969727,-5.2013983726501465,5.3108696937561035
1701881796005394000,7.885393798828125,-6.0640106201171875,-5.2253265380859375,5.346762180328369
1701881796014987300,7.8949873046875,-6.078367710113525,-5.251647472381592,5.377869129180908
1701881796024579800,7.904579833984375,-6.102295875549316,-5.26600456237793,5.4041900634765625
1701881796034171600,7.914171630859375,-6.1334028244018555,-5.287539958953857,5.461617469787598
1701881796043764200,7.92376416015625,-6.171687602996826,-5.285147190093994,5.473581790924072
1701881796053357600,7.933357666015625,-6.22702169418335,-5.270790100097656,5.478367328643799
1701881796062950100,7.9429501953125,-6.267699718475342,-5.220541000366211,5.4759745597839355
1701881796072541700,7.952541748046875,-6.303592205047607,-5.2109694480896,5.466403484344482
1701881796082134300,7.96213427734375,-6.320342063903809,-5.187041282653809,5.449653625488281
1701881796091727600,7.9717275390625,-6.317949295043945,-5.155934810638428,5.435296535491943
1701881796101320200,7.9813203125,-6.267699718475342,-5.153541564941406,5.423332691192627
1701881796110912000,7.990912109375,-6.243771553039551,-5.124827861785889,5.4281182289123535
1701881796120504600,8.000504638671876,-6.21266508102417,-5.129613399505615,5.442475318908691
1701881796130098000,8.010097900390624,-6.169294834136963,-5.14157772064209,5.430510997772217
1701881796139690200,8.019690185546875,-6.109474182128906,-5.1774702072143555,5.411368370056152
1701881796149282000,8.029281982421875,-6.066403388977051,-5.206183910369873,5.435296535491943
1701881796158874600,8.03887451171875,-6.195616245269775,-5.191826820373535,5.392225742340088
1701881796168468000,8.048468017578125,-6.178866386413574,-5.167898654937744,5.368297576904297
1701881796178060500,8.058060546875,-6.183651924133301,-5.175076961517334,5.399404525756836
1701881796187652400,8.06765234375,-6.207580089569092,-5.172684192657471,5.418546676635742
1701881796197245000,8.077244873046874,-6.224628925323486,-5.151148796081543,5.423332691192627
1701881796206838300,8.08683837890625,-6.236593246459961,-5.170291423797607,5.42572546005249
1701881796216430800,8.096430908203125,-6.2174506187438965,-5.179862976074219,5.418546676635742
1701881796226022700,8.106022705078125,-6.2413787841796875,-5.1774702072143555,5.387440204620361
1701881796235615200,8.115615234375,-6.224628925323486,-5.184648513793945,5.351547718048096
1701881796245208600,8.12520849609375,-6.236593246459961,-5.194219589233398,5.349154949188232
1701881796254801200,8.13480126953125,-6.2413787841796875,-5.20379114151001,5.353940486907959
1701881796264392700,8.144392822265624,-6.28205680847168,-5.206183910369873,5.344369411468506
1701881796273985300,8.1539853515625,-6.308377742767334,-5.206183910369873,5.377869129180908
1701881796283578600,8.16357861328125,-6.461518287658691,-5.579763412475586,5.789733409881592
1701881796293171200,8.173171142578125,-5.920441627502441,-5.311468124389648,5.674878120422363
1701881796302763000,8.182762939453125,-6.215057849884033,-5.076971530914307,5.057230472564697
1701881796312355600,8.19235546875,-6.3993048667907715,-5.239683151245117,5.48793888092041
1701881796321949000,8.201948974609374,-6.018547058105469,-5.397609710693359,5.406582832336426
1701881796331541500,8.21154150390625,-6.408876419067383,-5.282754421234131,5.430510997772217
1701881796341133000,8.221133056640625,-6.258128643035889,-5.069792747497559,5.210371494293213
1701881796350725600,8.2307255859375,-6.384948253631592,-5.005186557769775,5.248656272888184
1701881796360319000,8.240319091796875,-6.28205680847168,-5.033900737762451,5.284548759460449
1701881796369911600,8.24991162109375,-6.332305908203125,-5.155934810638428,5.408975601196289
1701881796379503400,8.25950341796875,-6.394519329071045,-5.067399978637695,5.37069034576416
1701881796389096000,8.269095947265624,-6.389733791351318,-4.966901779174805,5.37069034576416
1701881796398689300,8.278689208984375,-6.4064836502075195,-4.834997177124023,5.3108696937561035
1701881796408281900,8.28828173828125,-6.392126560211182,-4.751248359680176,5.394618511199951
1701881796417873400,8.297873291015625,-6.423233509063721,-4.779962539672852,4.977968215942383
1701881796427466000,8.307466064453125,-6.270092487335205,-5.787939071655273,5.823233127593994
1701881796437059300,8.317059326171876,-6.557231426239014,-5.196612358093262,5.188836097717285
1701881796446652000,8.32665185546875,-6.887740135192871,-5.304289817810059,5.291727066040039
1701881796456243700,8.33624365234375,-5.987440586090088,-5.136792182922363,5.511867046356201
1701881796465836300,8.345836181640625,-6.215057849884033,-4.981258392333984,5.272584915161133
1701881796475429600,8.3554296875,-6.272485256195068,-4.83260440826416,5.270191669464111
1701881796485022200,8.365022216796875,-6.22702169418335,-4.626821517944336,5.270191669464111
1701881796494614000,8.374614013671875,-6.21984338760376,-4.49043083190918,5.181657314300537
1701881796504206300,8.384206298828126,-6.270092487335205,-4.511966228485107,5.157729148864746
1701881796513799700,8.393799560546874,-6.296413898468018,-4.791926383972168,5.186442852020264
1701881796523392300,8.403392333984375,-6.349055767059326,-5.00997257232666,5.169693470001221
1701881796532984000,8.412984130859375,-6.428019046783447,-5.081757068634033,5.1529436111450195
1701881796542576600,8.42257666015625,-6.425626277923584,-5.242076396942139,5.219942569732666
1701881796552170000,8.432169921875,-6.365805625915527,-5.433502197265625,5.416153907775879
1701881796561762600,8.441762451171876,-6.303592205047607,-5.42153787612915,5.509474277496338
1701881796571354400,8.451354248046876,-6.296413898468018,-5.857330799102783,5.67966365814209
1701881796580947000,8.460947021484374,-6.28205680847168,-5.809474468231201,5.816054344177246
1701881796590540300,8.470540283203125,-6.243771553039551,-5.309075355529785,5.420939922332764
1701881796600132900,8.4801328125,-6.372983932495117,-5.352146148681641,5.593522071838379
1701881796609724400,8.489724365234375,-6.384948253631592,-4.918745994567871,5.43290376663208
1701881796619317000,8.49931689453125,-6.277271270751953,-4.674678325653076,5.24626350402832
1701881796628910300,8.508910400390626,-6.246164321899414,-4.870889663696289,5.377869129180908
1701881796638503000,8.5185029296875,-6.3514485359191895,-5.029115200042725,5.430510997772217
1701881796648094700,8.5280947265625,-6.404090881347656,-4.959722995758057,5.4520463943481445
1701881796657687300,8.537687255859375,-6.439982891082764,-5.038686275482178,5.533402442932129
1701881796667280600,8.54728076171875,-6.298806667327881,-5.07218599319458,5.48793888092041
1701881796676873200,8.556873291015625,-6.222236156463623,-5.139184951782227,5.492724418640137
1701881796686464800,8.56646484375,-6.301199436187744,-5.100899696350098,5.542973518371582
1701881796696057300,8.576057373046876,-6.231807708740234,-4.918745994567871,5.315655708312988
1701881796705650700,8.585650634765624,-6.243771553039551,-4.856532573699951,5.217549800872803
1701881796715243300,8.5952431640625,-6.200401782989502,-4.983651161193848,5.0907301902771
1701881796724835000,8.6048349609375,-6.384948253631592,-5.103292465209961,5.212764263153076
1701881796734427600,8.614427734375,-7.028916358947754,-4.990829944610596,5.670092582702637
1701881796744021000,8.62402099609375,-6.957131862640381,-4.904388904571533,5.801697731018066
1701881796753613600,8.633613525390626,-6.614659309387207,-4.653142929077148,5.198407173156738
1701881796763205000,8.643205078125,-6.518946170806885,-4.30588436126709,5.026124000549316
1701881796772797700,8.652797607421874,-6.384948253631592,-4.231706619262695,5.033302307128906
1701881796782391000,8.66239111328125,-6.277271270751953,-4.167100429534912,5.071587562561035
1701881796791983600,8.671983642578125,-6.325127601623535,-4.2484564781188965,5.071587562561035
1701881796801575400,8.681575439453125,-6.308377742767334,-4.6076788902282715,5.203192710876465
1701881796811168000,8.69116796875,-6.416054725646973,-5.007579803466797,5.471189022064209
1701881796820761300,8.70076123046875,-6.576374053955078,-5.445466041564941,5.67966365814209
1701881796830354000,8.71035400390625,-6.643373012542725,-5.14157772064209,5.401797294616699
1701881796839945500,8.719945556640624,-6.571588516235352,-4.799104690551758,5.3108696937561035
1701881796849538000,8.7295380859375,-6.396912097930908,-5.021936416625977,5.2390851974487305
1701881796859131400,8.73913134765625,-6.193222999572754,-5.54387092590332,5.523830890655518
1701881796868724000,8.748723876953125,-6.370591163635254,-5.637190818786621,5.79691219329834
1701881796878315800,8.758315673828125,-6.389733791351318,-4.928616523742676,5.408975601196289
1701881796887908400,8.767908447265626,-6.337091445922852,-4.911567687988281,5.303691387176514
1701881796897501700,8.777501708984374,-6.186044692993164,-5.376074314117432,5.55015230178833
1701881796907094300,8.78709423828125,-6.2174506187438965,-5.354538917541504,5.6533427238464355
1701881796916685800,8.796685791015625,-6.305984973907471,-5.053043365478516,5.504688262939453
1701881796926278400,8.8062783203125,-6.255735874176025,-5.1774702072143555,5.56450891494751
1701881796935871700,8.815871826171875,-6.322734832763672,-5.376074314117432,5.768198013305664
1701881796945464300,8.82546435546875,-6.365805625915527,-5.392824172973633,5.784947872161865
1701881796955056000,8.83505615234375,-6.387341022491455,-5.4526448249816895,5.816054344177246
1701881796964648700,8.844648681640624,-6.392126560211182,-5.3904314041137695,5.828018665313721
1701881796974242000,8.854241943359375,-6.380162239074707,-5.388038158416748,5.806483268737793
1701881796983834600,8.863834716796875,-6.322734832763672,-5.539085388183594,5.854339599609375
1701881796993426200,8.87342626953125,-6.277271270751953,-5.756832122802734,5.885446548461914
1701881797003019000,8.88301904296875,-6.22702169418335,-5.689833164215088,5.717948913574219
1701881797012612400,8.8926123046875,-6.277271270751953,-5.7017974853515625,5.67966365814209
1701881797022204700,8.90220458984375,-6.320342063903809,-5.54387092590332,5.5381879806518555
1701881797031796500,8.91179638671875,-6.301199436187744,-5.388038158416748,5.444868087768555
1701881797041389000,8.92138916015625,-6.267699718475342,-5.3353962898254395,5.42572546005249
1701881797050982400,8.930982421875,-6.370591163635254,-5.423930644989014,5.265406131744385
1701881797060575000,8.940574951171875,-6.154938220977783,-5.663512229919434,5.605485916137695
1701881797070166500,8.95016650390625,-6.262914180755615,-5.857330799102783,5.7634124755859375
1701881797079759400,8.95975927734375,-5.889334678649902,-5.996114253997803,5.509474277496338
1701881797089352700,8.969352783203124,-5.889334678649902,-5.969793319702148,5.24626350402832
1701881797098945000,8.978945068359375,-5.870192050933838,-6.453442573547363,5.703591823577881
1701881797108536800,8.988536865234375,-5.214259624481201,-6.937091827392578,6.105586051940918
1701881797118129400,8.99812939453125,-4.828716278076172,-7.116553783416748,5.930910110473633
1701881797127722800,9.00772265625,-5.336293697357178,-7.2436723709106445,5.713163375854492
1701881797137315300,9.0173154296875,-5.815157413482666,-7.265207767486572,5.746662616729736
1701881797146907100,9.0269072265625,-6.202794551849365,-8.34018325805664,3.8072798252105713
1701881797156499700,9.036499755859374,-5.2405805587768555,-8.292027473449707,3.780958890914917
1701881797166093000,9.046093017578125,-4.661218643188477,-8.15563678741455,5.607879161834717
1701881797175685600,9.055685546875,-3.8183467388153076,-8.526823043823242,5.985944747924805
1701881797185277200,9.065277099609375,-3.9116668701171875,-8.825926780700684,5.954838275909424
1701881797194869800,9.074869873046875,-3.967000722885132,-9.05115032196045,6.436094760894775
1701881797204463000,9.084463134765626,-5.867799282073975,-8.730213165283203,6.285346984863281
1701881797214055700,9.0940556640625,-7.6513495445251465,-8.28724193572998,5.727519989013672
1701881797223647500,9.1036474609375,-9.087940216064453,-7.978568077087402,6.510272026062012
1701881797233240000,9.113239990234375,-9.796515464782715,-7.327421188354492,6.5318074226379395
1701881797242833400,9.12283349609375,-6.578766822814941,-8.431110382080078,6.958029270172119
1701881797252426000,9.132426025390625,-4.979464054107666,-8.948259353637695,6.644270420074463
1701881797262017500,9.142017578125,-8.21874713897705,-8.117351531982422,6.6729841232299805
1701881797271610000,9.151610107421876,-6.171687602996826,-9.742975234985352,7.393822193145752
1701881797281203500,9.161203369140624,-5.079962253570557,-10.12134075164795,7.334001541137695
1701881797290796000,9.170796142578125,-5.233402252197266,-10.343873023986816,7.678567886352539
1701881797300387800,9.180387939453125,-5.302793979644775,-9.845867156982422,8.85643482208252
1701881797309980400,9.18998046875,-2.9374887943267822,-8.181958198547363,6.347560405731201
1701881797319573800,9.19957373046875,-3.5407793521881104,-8.39282512664795,5.212764263153076
1701881797329166300,9.209166259765626,-5.123332500457764,-8.689535140991211,4.168895244598389
1701881797338758000,9.2187578125,-4.589433670043945,-7.811070442199707,2.4834508895874023
1701881797348350500,9.2283505859375,-2.537588357925415,-6.522834300994873,1.6983058452606201
1701881797357943800,9.23794384765625,-4.694717884063721,-6.616453647613525,5.08355188369751
1701881797367536400,9.247536376953125,-12.381959915161133,-7.990531921386719,17.23579978942871
1701881797377128200,9.257128173828125,-5.913262844085693,-4.9139604568481445,22.46710968017578
1701881797386720800,9.266720703125,1.2236297130584717,-4.078566074371338,19.881364822387695
1701881797396314000,9.276314208984376,2.1164517402648926,-3.9972102642059326,18.2796688079834
1701881797405906400,9.285906494140624,1.8269200325012207,-5.153541564941406,17.602201461791992
1701881797415498200,9.295498291015624,0.8691928386688232,-7.23170804977417,17.16880226135254
1701881797425090800,9.3050908203125,-0.3445664644241333,-8.541180610656738,15.876079559326172
1701881797434684200,9.31468408203125,-0.5168496966362,-9.23300552368164,14.295918464660645
1701881797444276700,9.32427685546875,0.33768710494041443,-9.268898010253906,12.517154693603516
1701881797453868500,9.33386865234375,0.981655478477478,-9.089435577392578,11.626425743103027
1701881797463461000,9.343461181640626,1.6737794876098633,-8.730213165283203,11.027921676635742
1701881797473054500,9.353054443359374,1.1733803749084473,-8.344968795776367,10.23320484161377
1701881797482647000,9.36264697265625,0.15104693174362183,-8.268099784851074,10.230812072753906
1701881797492238600,9.372238525390625,0.04336991161108017,-8.222636222839355,9.866804122924805
1701881797501831200,9.3818310546875,1.0821540355682373,-7.904390335083008,8.336893081665039
1701881797511424500,9.391424560546875,1.7479569911956787,-7.399205684661865,6.8982086181640625
1701881797521017000,9.40101708984375,1.8340985774993896,-6.527620315551758,5.114658355712891
1701881797530609000,9.41060888671875,1.599302887916565,-6.089733600616455,3.896113395690918
1701881797540201500,9.420201416015624,1.1470593214035034,-5.7257256507873535,3.13220477104187
1701881797549794800,9.429794921875,0.768694281578064,-5.1080780029296875,2.622234582901001
1701881797559387400,9.439387451171875,0.35443684458732605,-4.617250442504883,2.466701030731201
1701881797568979000,9.44897900390625,0.490827739238739,-4.581357955932617,2.145763635635376
1701881797578571500,9.458571533203125,1.1231311559677124,-4.430610179901123,2.0644078254699707
1701881797588164900,9.468164794921876,2.2025933265686035,-3.6523447036743164,1.2505489587783813
1701881797597757400,9.47775732421875,3.722932815551758,-1.8711873292922974,-0.40378883481025696
1701881797607349200,9.487349365234374,3.981656789779663,-0.20009979605674744,-1.2705888748168945
1701881797616941800,9.49694189453125,4.158725738525391,0.905982494354248,-0.9927222728729248
1701881797626535200,9.50653515625,5.655137062072754,1.8756738901138306,-0.24825534224510193
1701881797636127700,9.516127685546875,5.674279689788818,2.229811668395996,0.25692933797836304
1701881797645719300,9.52571923828125,2.9425735473632812,1.6791633367538452,1.291226863861084
1701881797655312000,9.535311767578126,3.7181472778320312,1.8661025762557983,0.6807580590248108
1701881797664905200,9.5449052734375,4.960620403289795,1.7437695264816284,-0.37507495284080505
1701881797674497800,9.554497802734375,6.847361087799072,2.040778636932373,-1.301695466041565
1701881797684089600,9.564089599609375,8.492127418518066,3.0463624000549316,-1.8355940580368042
1701881797693682200,9.57368212890625,8.973383903503418,3.683152198791504,-1.5026925802230835
1701881797703275500,9.583275634765625,9.047561645507812,3.5994033813476562,-0.42771705985069275
1701881797712868000,9.5928681640625,8.240582466125488,3.30957293510437,0.1301097273826599
1701881797722459600,9.602459716796876,7.548757076263428,3.2593235969543457,0.26889345049858093
1701881797732052200,9.61205224609375,7.4506516456604,3.072683334350586,0.6496513485908508
1701881797741645600,9.6216455078125,8.250153541564941,2.871387243270874,1.2696914672851562
1701881797751238100,9.631238037109375,10.117751121520996,3.5611183643341064,0.7908278703689575
1701881797760830000,9.640829833984375,11.752946853637695,4.090231418609619,0.4339981973171234
1701881797770422500,9.650422607421875,11.666505813598633,3.4411780834198,1.602293848991394
1701881797780015900,9.660015869140626,10.713863372802734,2.641676187515259,3.663710594177246
1701881797789608400,9.6696083984375,10.644471168518066,2.557927370071411,5.14576530456543
1701881797799200000,9.679199951171874,11.642578125,2.071885347366333,5.528616905212402
1701881797808792600,9.68879248046875,12.751052856445312,1.9067806005477905,5.009075164794922
1701881797818386000,9.698385986328125,12.921242713928223,2.1412770748138428,4.355535507202148
1701881797827978500,9.707978515625,12.480664253234863,2.3880369663238525,3.9535412788391113
1701881797837570300,9.7175703125,12.142976760864258,2.801995277404785,3.912863254547119
1701881797847163000,9.727162841796876,11.599507331848145,3.1013972759246826,4.432105541229248
1701881797856756200,9.736756103515624,10.58674430847168,2.7900311946868896,5.272584915161133
1701881797866348500,9.7463486328125,9.624530792236328,2.531606435775757,5.394618511199951
1701881797875940400,9.7559404296875,9.016454696655273,2.6847469806671143,4.6046881675720215
1701881797885533000,9.765532958984375,8.647661209106445,2.9745776653289795,3.6038899421691895
1701881797895126300,9.775126220703125,8.080263137817383,3.2282168865203857,3.1034910678863525
1701881797904718800,9.78471875,7.307082176208496,3.4627134799957275,3.1178479194641113
1701881797914310700,9.794310546875,6.4905314445495605,3.637688636779785,3.3382866382598877
1701881797923903200,9.8039033203125,6.1675004959106445,3.7740795612335205,3.3430724143981934
1701881797933496600,9.81349658203125,6.260820388793945,3.972683906555176,3.201596736907959
1701881797943089200,9.823089111328125,6.375676155090332,4.118945121765137,3.091526746749878
1701881797952680700,9.8326806640625,6.569494724273682,4.178765773773193,3.053241729736328
1701881797962273300,9.842273193359375,6.323033809661865,4.2122650146484375,3.2853455543518066
1701881797971866600,9.85186669921875,5.875277042388916,4.319941997528076,3.687638759613037
1701881797981459200,9.861459228515624,6.064310073852539,4.272085666656494,4.290929317474365
1701881797991051000,9.871051025390624,6.9358954429626465,4.061517238616943,4.178466320037842
1701881798000643600,9.8806435546875,7.376473903656006,3.9942193031311035,3.3526437282562256
1701881798010237000,9.89023681640625,8.348258972167969,3.644867181777954,3.0723843574523926
